Times,Fold,Name Method,Name Function,SP,SE,Gmean,F1 Score,Accuracy,AUC,Ma tran nham lan
0,1,SVM,SVM,1.0,0.0,0.0,0.0,0.8333333333333334,0.5,"[[200   0]
 [ 40   0]]"
0,1,WSVM,WSVM,1.0,0.0,0.0,0.0,0.8333333333333334,0.5,"[[200   0]
 [ 40   0]]"
0,1,own_class_center,lin_center_own,0.865,0.425,0.606320872146094,0.40476190476190477,0.7916666666666666,0.645,"[[173  27]
 [ 23  17]]"
0,1,own_class_center,exp,0.88,0.3,0.5138093031466052,0.3157894736842105,0.7833333333333333,0.5900000000000001,"[[176  24]
 [ 28  12]]"
0,1,estimated_hyper_lin,lin_center_own,0.84,0.45,0.6148170459575759,0.39999999999999997,0.775,0.645,"[[168  32]
 [ 22  18]]"
0,1,estimated_hyper_lin,exp,0.845,0.425,0.5992703897240377,0.38636363636363635,0.775,0.6349999999999999,"[[169  31]
 [ 23  17]]"
0,1,actual_hyper_lin,lin_center_own,0.99,0.1,0.31464265445104544,0.1739130434782609,0.8416666666666667,0.5449999999999999,"[[198   2]
 [ 36   4]]"
0,1,actual_hyper_lin,exp,0.835,0.625,0.7224091638399944,0.5102040816326531,0.8,0.73,"[[167  33]
 [ 15  25]]"
0,1,distance_center_own_opposite_tam,func_own_opp_new,0.86,0.575,0.7032069396699665,0.5054945054945055,0.8125,0.7175,"[[172  28]
 [ 17  23]]"
0,1,distance_center_own_opposite_tam,func_own_opp_new_v1,0.85,0.575,0.6991065727054782,0.49462365591397855,0.8041666666666667,0.7124999999999999,"[[170  30]
 [ 17  23]]"
0,1,distance_center_own_opposite_tam,func_own_opp_new_v2,0.58,0.675,0.6256996084384263,0.35761589403973515,0.5958333333333333,0.6275000000000001,"[[116  84]
 [ 13  27]]"
0,2,SVM,SVM,1.0,0.0,0.0,0.0,0.8333333333333334,0.5,"[[200   0]
 [ 40   0]]"
0,2,WSVM,WSVM,1.0,0.0,0.0,0.0,0.8333333333333334,0.5,"[[200   0]
 [ 40   0]]"
0,2,own_class_center,lin_center_own,0.85,0.525,0.6680194607943694,0.46153846153846156,0.7958333333333333,0.6875,"[[170  30]
 [ 19  21]]"
0,2,own_class_center,exp,0.89,0.475,0.6501922792528376,0.4691358024691358,0.8208333333333333,0.6825,"[[178  22]
 [ 21  19]]"
0,2,estimated_hyper_lin,lin_center_own,0.845,0.525,0.6660517997873739,0.4565217391304348,0.7916666666666666,0.6849999999999999,"[[169  31]
 [ 19  21]]"
0,2,estimated_hyper_lin,exp,0.83,0.575,0.6908328307195598,0.4742268041237113,0.7875,0.7024999999999999,"[[166  34]
 [ 17  23]]"
0,2,actual_hyper_lin,lin_center_own,1.0,0.0,0.0,0.0,0.8333333333333334,0.5,"[[200   0]
 [ 40   0]]"
0,2,actual_hyper_lin,exp,0.84,0.7,0.7668115805072325,0.56,0.8166666666666667,0.77,"[[168  32]
 [ 12  28]]"
0,2,distance_center_own_opposite_tam,func_own_opp_new,0.88,0.6,0.726636084983398,0.5454545454545454,0.8333333333333334,0.7400000000000001,"[[176  24]
 [ 16  24]]"
0,2,distance_center_own_opposite_tam,func_own_opp_new_v1,0.88,0.6,0.726636084983398,0.5454545454545454,0.8333333333333334,0.7400000000000001,"[[176  24]
 [ 16  24]]"
0,2,distance_center_own_opposite_tam,func_own_opp_new_v2,0.42,0.5,0.458257569495584,0.22727272727272727,0.43333333333333335,0.4600000000000001,"[[ 84 116]
 [ 20  20]]"
0,3,SVM,SVM,1.0,0.0,0.0,0.0,0.8333333333333334,0.5,"[[200   0]
 [ 40   0]]"
0,3,WSVM,WSVM,1.0,0.0,0.0,0.0,0.8333333333333334,0.5,"[[200   0]
 [ 40   0]]"
0,3,own_class_center,lin_center_own,0.87,0.45,0.6256996084384263,0.4285714285714286,0.8,0.66,"[[174  26]
 [ 22  18]]"
0,3,own_class_center,exp,0.48,0.825,0.6292853089020909,0.3728813559322034,0.5375,0.6525,"[[ 96 104]
 [  7  33]]"
0,3,estimated_hyper_lin,lin_center_own,0.865,0.5,0.6576473218982952,0.4597701149425288,0.8041666666666667,0.6824999999999999,"[[173  27]
 [ 20  20]]"
0,3,estimated_hyper_lin,exp,0.82,0.5,0.6403124237432849,0.41666666666666663,0.7666666666666667,0.66,"[[164  36]
 [ 20  20]]"
0,3,actual_hyper_lin,lin_center_own,0.985,0.1,0.3138470965295043,0.1702127659574468,0.8375,0.5425000000000001,"[[197   3]
 [ 36   4]]"
0,3,actual_hyper_lin,exp,0.865,0.55,0.689746330182336,0.4943820224719101,0.8125,0.7075,"[[173  27]
 [ 18  22]]"
0,3,distance_center_own_opposite_tam,func_own_opp_new,0.87,0.55,0.6917369442208505,0.5,0.8166666666666667,0.71,"[[174  26]
 [ 18  22]]"
0,3,distance_center_own_opposite_tam,func_own_opp_new_v1,0.87,0.55,0.6917369442208505,0.5,0.8166666666666667,0.71,"[[174  26]
 [ 18  22]]"
0,3,distance_center_own_opposite_tam,func_own_opp_new_v2,0.44,0.6,0.5138093031466052,0.2727272727272727,0.4666666666666667,0.52,"[[ 88 112]
 [ 16  24]]"
0,4,SVM,SVM,1.0,0.0,0.0,0.0,0.8333333333333334,0.5,"[[200   0]
 [ 40   0]]"
0,4,WSVM,WSVM,1.0,0.0,0.0,0.0,0.8333333333333334,0.5,"[[200   0]
 [ 40   0]]"
0,4,own_class_center,lin_center_own,0.88,0.45,0.6292853089020909,0.4390243902439024,0.8083333333333333,0.665,"[[176  24]
 [ 22  18]]"
0,4,own_class_center,exp,0.865,0.525,0.6738879728857016,0.4772727272727273,0.8083333333333333,0.695,"[[173  27]
 [ 19  21]]"
0,4,estimated_hyper_lin,lin_center_own,0.875,0.45,0.6274950199005567,0.43373493975903615,0.8041666666666667,0.6625,"[[175  25]
 [ 22  18]]"
0,4,estimated_hyper_lin,exp,0.86,0.325,0.5286775955154521,0.3209876543209877,0.7708333333333334,0.5925,"[[172  28]
 [ 27  13]]"
0,4,actual_hyper_lin,lin_center_own,1.0,0.0,0.0,0.0,0.8333333333333334,0.5,"[[200   0]
 [ 40   0]]"
0,4,actual_hyper_lin,exp,0.865,0.55,0.689746330182336,0.4943820224719101,0.8125,0.7075,"[[173  27]
 [ 18  22]]"
0,4,distance_center_own_opposite_tam,func_own_opp_new,0.875,0.5,0.6614378277661477,0.47058823529411764,0.8125,0.6875,"[[175  25]
 [ 20  20]]"
0,4,distance_center_own_opposite_tam,func_own_opp_new_v1,0.87,0.525,0.6758328195641286,0.48275862068965514,0.8125,0.6974999999999999,"[[174  26]
 [ 19  21]]"
0,4,distance_center_own_opposite_tam,func_own_opp_new_v2,0.38,0.65,0.4969909455915671,0.2736842105263158,0.425,0.515,"[[ 76 124]
 [ 14  26]]"
0,5,SVM,SVM,1.0,0.0,0.0,0.0,0.8333333333333334,0.5,"[[200   0]
 [ 40   0]]"
0,5,WSVM,WSVM,1.0,0.0,0.0,0.0,0.8333333333333334,0.5,"[[200   0]
 [ 40   0]]"
0,5,own_class_center,lin_center_own,0.855,0.35,0.5470374758643141,0.3373493975903615,0.7708333333333334,0.6025,"[[171  29]
 [ 26  14]]"
0,5,own_class_center,exp,0.465,0.775,0.6003124186621497,0.34831460674157305,0.5166666666666667,0.6199999999999999,"[[ 93 107]
 [  9  31]]"
0,5,estimated_hyper_lin,lin_center_own,0.855,0.3,0.506458290484024,0.2962962962962963,0.7625,0.5775,"[[171  29]
 [ 28  12]]"
0,5,estimated_hyper_lin,exp,0.82,0.35,0.5357238094391549,0.3111111111111111,0.7416666666666667,0.5850000000000001,"[[164  36]
 [ 26  14]]"
0,5,actual_hyper_lin,lin_center_own,0.465,0.775,0.6003124186621497,0.34831460674157305,0.5166666666666667,0.6199999999999999,"[[ 93 107]
 [  9  31]]"
0,5,actual_hyper_lin,exp,0.815,0.55,0.6695147496508198,0.4444444444444445,0.7708333333333334,0.6825,"[[163  37]
 [ 18  22]]"
0,5,distance_center_own_opposite_tam,func_own_opp_new,0.85,0.525,0.6680194607943694,0.46153846153846156,0.7958333333333333,0.6875,"[[170  30]
 [ 19  21]]"
0,5,distance_center_own_opposite_tam,func_own_opp_new_v1,0.85,0.5,0.6519202405202649,0.4444444444444445,0.7916666666666666,0.6749999999999999,"[[170  30]
 [ 20  20]]"
0,5,distance_center_own_opposite_tam,func_own_opp_new_v2,0.58,0.5,0.5385164807134504,0.2777777777777778,0.5666666666666667,0.54,"[[116  84]
 [ 20  20]]"
Times,Fold,Name Method,Name Function,SP,SE,Gmean,F1 Score,Accuracy,AUC,Ma tran nham lan
1,1,SVM,SVM,1.0,0.0,0.0,0.0,0.8333333333333334,0.5,"[[200   0]
 [ 40   0]]"
1,1,WSVM,WSVM,1.0,0.0,0.0,0.0,0.8333333333333334,0.5,"[[200   0]
 [ 40   0]]"
1,1,own_class_center,lin_center_own,0.86,0.275,0.48631265663151313,0.27848101265822783,0.7625,0.5674999999999999,"[[172  28]
 [ 29  11]]"
1,1,own_class_center,exp,0.485,0.85,0.6420669746996803,0.384180790960452,0.5458333333333333,0.6675,"[[ 97 103]
 [  6  34]]"
1,1,estimated_hyper_lin,lin_center_own,0.85,0.3,0.5049752469181039,0.2926829268292683,0.7583333333333333,0.575,"[[170  30]
 [ 28  12]]"
1,1,estimated_hyper_lin,exp,0.82,0.3,0.49598387070548977,0.2727272727272727,0.7333333333333333,0.56,"[[164  36]
 [ 28  12]]"
1,1,actual_hyper_lin,lin_center_own,1.0,0.0,0.0,0.0,0.8333333333333334,0.5,"[[200   0]
 [ 40   0]]"
1,1,actual_hyper_lin,exp,0.855,0.575,0.7011597535512146,0.5,0.8083333333333333,0.715,"[[171  29]
 [ 17  23]]"
1,1,distance_center_own_opposite_tam,func_own_opp_new,0.855,0.575,0.7011597535512146,0.5,0.8083333333333333,0.715,"[[171  29]
 [ 17  23]]"
1,1,distance_center_own_opposite_tam,func_own_opp_new_v1,0.855,0.575,0.7011597535512146,0.5,0.8083333333333333,0.715,"[[171  29]
 [ 17  23]]"
1,1,distance_center_own_opposite_tam,func_own_opp_new_v2,0.595,0.5,0.5454356057317857,0.28368794326241137,0.5791666666666667,0.5475,"[[119  81]
 [ 20  20]]"
1,2,SVM,SVM,1.0,0.0,0.0,0.0,0.8333333333333334,0.5,"[[200   0]
 [ 40   0]]"
1,2,WSVM,WSVM,1.0,0.0,0.0,0.0,0.8333333333333334,0.5,"[[200   0]
 [ 40   0]]"
1,2,own_class_center,lin_center_own,0.875,0.475,0.6446898479113813,0.4523809523809524,0.8083333333333333,0.675,"[[175  25]
 [ 21  19]]"
1,2,own_class_center,exp,0.9,0.325,0.5408326913195984,0.35616438356164376,0.8041666666666667,0.6124999999999999,"[[180  20]
 [ 27  13]]"
1,2,estimated_hyper_lin,lin_center_own,0.875,0.525,0.677772085586298,0.48837209302325585,0.8166666666666667,0.7,"[[175  25]
 [ 19  21]]"
1,2,estimated_hyper_lin,exp,0.85,0.575,0.6991065727054782,0.49462365591397855,0.8041666666666667,0.7124999999999999,"[[170  30]
 [ 17  23]]"
1,2,actual_hyper_lin,lin_center_own,1.0,0.0,0.0,0.0,0.8333333333333334,0.5,"[[200   0]
 [ 40   0]]"
1,2,actual_hyper_lin,exp,0.875,0.525,0.677772085586298,0.48837209302325585,0.8166666666666667,0.7,"[[175  25]
 [ 19  21]]"
1,2,distance_center_own_opposite_tam,func_own_opp_new,0.88,0.5,0.6633249580710799,0.47619047619047616,0.8166666666666667,0.6900000000000001,"[[176  24]
 [ 20  20]]"
1,2,distance_center_own_opposite_tam,func_own_opp_new_v1,0.875,0.5,0.6614378277661477,0.47058823529411764,0.8125,0.6875,"[[175  25]
 [ 20  20]]"
1,2,distance_center_own_opposite_tam,func_own_opp_new_v2,0.51,0.675,0.5867282164682385,0.32727272727272727,0.5375,0.5925,"[[102  98]
 [ 13  27]]"
1,3,SVM,SVM,1.0,0.0,0.0,0.0,0.8333333333333334,0.5,"[[200   0]
 [ 40   0]]"
1,3,WSVM,WSVM,1.0,0.0,0.0,0.0,0.8333333333333334,0.5,"[[200   0]
 [ 40   0]]"
1,3,own_class_center,lin_center_own,0.885,0.325,0.5363068151720618,0.34210526315789475,0.7916666666666666,0.605,"[[177  23]
 [ 27  13]]"
1,3,own_class_center,exp,0.855,0.475,0.63727937358744,0.43181818181818177,0.7916666666666666,0.665,"[[171  29]
 [ 21  19]]"
1,3,estimated_hyper_lin,lin_center_own,0.88,0.325,0.5347896782848376,0.33766233766233766,0.7875,0.6024999999999999,"[[176  24]
 [ 27  13]]"
1,3,estimated_hyper_lin,exp,0.865,0.375,0.5695392874947258,0.3658536585365853,0.7833333333333333,0.62,"[[173  27]
 [ 25  15]]"
1,3,actual_hyper_lin,lin_center_own,1.0,0.025,0.15811388300841897,0.04878048780487806,0.8375,0.5125,"[[200   0]
 [ 39   1]]"
1,3,actual_hyper_lin,exp,0.875,0.475,0.6446898479113813,0.4523809523809524,0.8083333333333333,0.675,"[[175  25]
 [ 21  19]]"
1,3,distance_center_own_opposite_tam,func_own_opp_new,0.89,0.475,0.6501922792528376,0.4691358024691358,0.8208333333333333,0.6825,"[[178  22]
 [ 21  19]]"
1,3,distance_center_own_opposite_tam,func_own_opp_new_v1,0.885,0.475,0.6483633240706942,0.46341463414634143,0.8166666666666667,0.68,"[[177  23]
 [ 21  19]]"
1,3,distance_center_own_opposite_tam,func_own_opp_new_v2,0.585,0.7,0.6399218702310462,0.37086092715231783,0.6041666666666666,0.6425,"[[117  83]
 [ 12  28]]"
1,4,SVM,SVM,1.0,0.0,0.0,0.0,0.8333333333333334,0.5,"[[200   0]
 [ 40   0]]"
1,4,WSVM,WSVM,1.0,0.0,0.0,0.0,0.8333333333333334,0.5,"[[200   0]
 [ 40   0]]"
1,4,own_class_center,lin_center_own,0.85,0.525,0.6680194607943694,0.46153846153846156,0.7958333333333333,0.6875,"[[170  30]
 [ 19  21]]"
1,4,own_class_center,exp,0.885,0.325,0.5363068151720618,0.34210526315789475,0.7916666666666666,0.605,"[[177  23]
 [ 27  13]]"
1,4,estimated_hyper_lin,lin_center_own,0.815,0.475,0.6221936997430945,0.39583333333333337,0.7583333333333333,0.6449999999999999,"[[163  37]
 [ 21  19]]"
1,4,estimated_hyper_lin,exp,0.795,0.55,0.6612488185244644,0.4271844660194175,0.7541666666666667,0.6725,"[[159  41]
 [ 18  22]]"
1,4,actual_hyper_lin,lin_center_own,1.0,0.0,0.0,0.0,0.8333333333333334,0.5,"[[200   0]
 [ 40   0]]"
1,4,actual_hyper_lin,exp,0.835,0.575,0.6929105281347657,0.47916666666666663,0.7916666666666666,0.705,"[[167  33]
 [ 17  23]]"
1,4,distance_center_own_opposite_tam,func_own_opp_new,0.855,0.575,0.7011597535512146,0.5,0.8083333333333333,0.715,"[[171  29]
 [ 17  23]]"
1,4,distance_center_own_opposite_tam,func_own_opp_new_v1,0.85,0.575,0.6991065727054782,0.49462365591397855,0.8041666666666667,0.7124999999999999,"[[170  30]
 [ 17  23]]"
1,4,distance_center_own_opposite_tam,func_own_opp_new_v2,0.415,0.625,0.5092887196865841,0.2747252747252747,0.45,0.52,"[[ 83 117]
 [ 15  25]]"
1,5,SVM,SVM,1.0,0.0,0.0,0.0,0.8333333333333334,0.5,"[[200   0]
 [ 40   0]]"
1,5,WSVM,WSVM,1.0,0.0,0.0,0.0,0.8333333333333334,0.5,"[[200   0]
 [ 40   0]]"
1,5,own_class_center,lin_center_own,0.855,0.5,0.653834841531101,0.449438202247191,0.7958333333333333,0.6775,"[[171  29]
 [ 20  20]]"
1,5,own_class_center,exp,0.935,0.25,0.4834769901453429,0.3174603174603175,0.8208333333333333,0.5925000000000001,"[[187  13]
 [ 30  10]]"
1,5,estimated_hyper_lin,lin_center_own,0.86,0.5,0.6557438524302001,0.45454545454545453,0.8,0.68,"[[172  28]
 [ 20  20]]"
1,5,estimated_hyper_lin,exp,0.82,0.55,0.6715653356152326,0.4489795918367347,0.775,0.685,"[[164  36]
 [ 18  22]]"
1,5,actual_hyper_lin,lin_center_own,1.0,0.0,0.0,0.0,0.8333333333333334,0.5,"[[200   0]
 [ 40   0]]"
1,5,actual_hyper_lin,exp,0.85,0.65,0.7433034373659253,0.5416666666666667,0.8166666666666667,0.7499999999999999,"[[170  30]
 [ 14  26]]"
1,5,distance_center_own_opposite_tam,func_own_opp_new,0.87,0.625,0.7373940601876312,0.5494505494505494,0.8291666666666667,0.7475,"[[174  26]
 [ 15  25]]"
1,5,distance_center_own_opposite_tam,func_own_opp_new_v1,0.845,0.625,0.7267220926874316,0.5208333333333334,0.8083333333333333,0.735,"[[169  31]
 [ 15  25]]"
1,5,distance_center_own_opposite_tam,func_own_opp_new_v2,0.385,0.525,0.44958314025327956,0.22826086956521738,0.4083333333333333,0.455,"[[ 77 123]
 [ 19  21]]"
Times,Fold,Name Method,Name Function,SP,SE,Gmean,F1 Score,Accuracy,AUC,Ma tran nham lan
2,1,SVM,SVM,1.0,0.0,0.0,0.0,0.8333333333333334,0.5,"[[200   0]
 [ 40   0]]"
2,1,WSVM,WSVM,1.0,0.0,0.0,0.0,0.8333333333333334,0.5,"[[200   0]
 [ 40   0]]"
2,1,own_class_center,lin_center_own,0.85,0.45,0.6184658438426491,0.4090909090909091,0.7833333333333333,0.6499999999999999,"[[170  30]
 [ 22  18]]"
2,1,own_class_center,exp,0.85,0.45,0.6184658438426491,0.4090909090909091,0.7833333333333333,0.6499999999999999,"[[170  30]
 [ 22  18]]"
2,1,estimated_hyper_lin,lin_center_own,0.845,0.5,0.65,0.4395604395604396,0.7875,0.6725,"[[169  31]
 [ 20  20]]"
2,1,estimated_hyper_lin,exp,0.815,0.575,0.6845619037019223,0.4600000000000001,0.775,0.6949999999999998,"[[163  37]
 [ 17  23]]"
2,1,actual_hyper_lin,lin_center_own,1.0,0.0,0.0,0.0,0.8333333333333334,0.5,"[[200   0]
 [ 40   0]]"
2,1,actual_hyper_lin,exp,0.84,0.5,0.648074069840786,0.4347826086956522,0.7833333333333333,0.67,"[[168  32]
 [ 20  20]]"
2,1,distance_center_own_opposite_tam,func_own_opp_new,0.855,0.475,0.63727937358744,0.43181818181818177,0.7916666666666666,0.665,"[[171  29]
 [ 21  19]]"
2,1,distance_center_own_opposite_tam,func_own_opp_new_v1,0.84,0.5,0.648074069840786,0.4347826086956522,0.7833333333333333,0.67,"[[168  32]
 [ 20  20]]"
2,1,distance_center_own_opposite_tam,func_own_opp_new_v2,0.385,0.7,0.5191338940966964,0.2931937172774869,0.4375,0.5425,"[[ 77 123]
 [ 12  28]]"
2,2,SVM,SVM,1.0,0.0,0.0,0.0,0.8333333333333334,0.5,"[[200   0]
 [ 40   0]]"
2,2,WSVM,WSVM,1.0,0.0,0.0,0.0,0.8333333333333334,0.5,"[[200   0]
 [ 40   0]]"
2,2,own_class_center,lin_center_own,0.89,0.425,0.6150203248673982,0.43037974683544306,0.8125,0.6575000000000001,"[[178  22]
 [ 23  17]]"
2,2,own_class_center,exp,0.895,0.375,0.5793315113128233,0.3947368421052631,0.8083333333333333,0.635,"[[179  21]
 [ 25  15]]"
2,2,estimated_hyper_lin,lin_center_own,0.9,0.425,0.6184658438426491,0.44155844155844154,0.8208333333333333,0.6625,"[[180  20]
 [ 23  17]]"
2,2,estimated_hyper_lin,exp,0.875,0.5,0.6614378277661477,0.47058823529411764,0.8125,0.6875,"[[175  25]
 [ 20  20]]"
2,2,actual_hyper_lin,lin_center_own,1.0,0.0,0.0,0.0,0.8333333333333334,0.5,"[[200   0]
 [ 40   0]]"
2,2,actual_hyper_lin,exp,0.89,0.475,0.6501922792528376,0.4691358024691358,0.8208333333333333,0.6825,"[[178  22]
 [ 21  19]]"
2,2,distance_center_own_opposite_tam,func_own_opp_new,0.895,0.45,0.6346258740391854,0.45569620253164556,0.8208333333333333,0.6725,"[[179  21]
 [ 22  18]]"
2,2,distance_center_own_opposite_tam,func_own_opp_new_v1,0.89,0.475,0.6501922792528376,0.4691358024691358,0.8208333333333333,0.6825,"[[178  22]
 [ 21  19]]"
2,2,distance_center_own_opposite_tam,func_own_opp_new_v2,0.405,0.625,0.5031152949374528,0.2717391304347826,0.44166666666666665,0.515,"[[ 81 119]
 [ 15  25]]"
2,3,SVM,SVM,1.0,0.0,0.0,0.0,0.8333333333333334,0.5,"[[200   0]
 [ 40   0]]"
2,3,WSVM,WSVM,1.0,0.0,0.0,0.0,0.8333333333333334,0.5,"[[200   0]
 [ 40   0]]"
2,3,own_class_center,lin_center_own,0.875,0.425,0.6098155458825234,0.41463414634146345,0.8,0.65,"[[175  25]
 [ 23  17]]"
2,3,own_class_center,exp,0.475,0.85,0.6354132513569417,0.3798882681564246,0.5375,0.6625,"[[ 95 105]
 [  6  34]]"
2,3,estimated_hyper_lin,lin_center_own,0.895,0.2,0.4230839160261236,0.2318840579710145,0.7791666666666667,0.5475,"[[179  21]
 [ 32   8]]"
2,3,estimated_hyper_lin,exp,0.865,0.175,0.38906940254921096,0.18918918918918917,0.75,0.52,"[[173  27]
 [ 33   7]]"
2,3,actual_hyper_lin,lin_center_own,1.0,0.025,0.15811388300841897,0.04878048780487806,0.8375,0.5125,"[[200   0]
 [ 39   1]]"
2,3,actual_hyper_lin,exp,0.865,0.6,0.720416546173115,0.5274725274725275,0.8208333333333333,0.7325,"[[173  27]
 [ 16  24]]"
2,3,distance_center_own_opposite_tam,func_own_opp_new,0.89,0.55,0.6996427659884722,0.5238095238095238,0.8333333333333334,0.7200000000000001,"[[178  22]
 [ 18  22]]"
2,3,distance_center_own_opposite_tam,func_own_opp_new_v1,0.89,0.525,0.6835568740053749,0.5060240963855422,0.8291666666666667,0.7074999999999999,"[[178  22]
 [ 19  21]]"
2,3,distance_center_own_opposite_tam,func_own_opp_new_v2,0.615,0.525,0.5682209077462743,0.30434782608695654,0.6,0.57,"[[123  77]
 [ 19  21]]"
2,4,SVM,SVM,1.0,0.0,0.0,0.0,0.8333333333333334,0.5,"[[200   0]
 [ 40   0]]"
2,4,WSVM,WSVM,1.0,0.0,0.0,0.0,0.8333333333333334,0.5,"[[200   0]
 [ 40   0]]"
2,4,own_class_center,lin_center_own,0.845,0.4,0.5813776741499453,0.36781609195402304,0.7708333333333334,0.6224999999999999,"[[169  31]
 [ 24  16]]"
2,4,own_class_center,exp,0.81,0.45,0.6037383539249432,0.375,0.75,0.63,"[[162  38]
 [ 22  18]]"
2,4,estimated_hyper_lin,lin_center_own,0.81,0.475,0.6202821938440599,0.3917525773195876,0.7541666666666667,0.6425000000000001,"[[162  38]
 [ 21  19]]"
2,4,estimated_hyper_lin,exp,0.8,0.45,0.6000000000000001,0.3673469387755102,0.7416666666666667,0.625,"[[160  40]
 [ 22  18]]"
2,4,actual_hyper_lin,lin_center_own,1.0,0.0,0.0,0.0,0.8333333333333334,0.5,"[[200   0]
 [ 40   0]]"
2,4,actual_hyper_lin,exp,0.8,0.6,0.6928203230275509,0.4615384615384615,0.7666666666666667,0.7000000000000002,"[[160  40]
 [ 16  24]]"
2,4,distance_center_own_opposite_tam,func_own_opp_new,0.84,0.525,0.6640783086353597,0.45161290322580644,0.7875,0.6825,"[[168  32]
 [ 19  21]]"
2,4,distance_center_own_opposite_tam,func_own_opp_new_v1,0.825,0.525,0.6581223290544091,0.43750000000000006,0.775,0.6749999999999999,"[[165  35]
 [ 19  21]]"
2,4,distance_center_own_opposite_tam,func_own_opp_new_v2,0.495,0.75,0.609302880347697,0.3508771929824562,0.5375,0.6225,"[[ 99 101]
 [ 10  30]]"
2,5,SVM,SVM,1.0,0.0,0.0,0.0,0.8333333333333334,0.5,"[[200   0]
 [ 40   0]]"
2,5,WSVM,WSVM,1.0,0.0,0.0,0.0,0.8333333333333334,0.5,"[[200   0]
 [ 40   0]]"
2,5,own_class_center,lin_center_own,0.835,0.45,0.6129845022510765,0.39560439560439564,0.7708333333333334,0.6425,"[[167  33]
 [ 22  18]]"
2,5,own_class_center,exp,0.475,0.925,0.6628536791781426,0.4065934065934066,0.55,0.7,"[[ 95 105]
 [  3  37]]"
2,5,estimated_hyper_lin,lin_center_own,0.825,0.45,0.609302880347697,0.3870967741935484,0.7625,0.6375,"[[165  35]
 [ 22  18]]"
2,5,estimated_hyper_lin,exp,0.805,0.4,0.5674504383644443,0.3368421052631579,0.7375,0.6024999999999999,"[[161  39]
 [ 24  16]]"
2,5,actual_hyper_lin,lin_center_own,1.0,0.0,0.0,0.0,0.8333333333333334,0.5,"[[200   0]
 [ 40   0]]"
2,5,actual_hyper_lin,exp,0.835,0.75,0.7913595895672206,0.58252427184466,0.8208333333333333,0.7925,"[[167  33]
 [ 10  30]]"
2,5,distance_center_own_opposite_tam,func_own_opp_new,0.875,0.7,0.7826237921249264,0.6021505376344085,0.8458333333333333,0.7875,"[[175  25]
 [ 12  28]]"
2,5,distance_center_own_opposite_tam,func_own_opp_new_v1,0.865,0.475,0.6409953197957065,0.44186046511627913,0.8,0.67,"[[173  27]
 [ 21  19]]"
2,5,distance_center_own_opposite_tam,func_own_opp_new_v2,0.55,0.575,0.5623610939600996,0.3006535947712418,0.5541666666666667,0.5625,"[[110  90]
 [ 17  23]]"
Times,Fold,Name Method,Name Function,SP,SE,Gmean,F1 Score,Accuracy,AUC,Ma tran nham lan
3,1,SVM,SVM,1.0,0.0,0.0,0.0,0.8333333333333334,0.5,"[[200   0]
 [ 40   0]]"
3,1,WSVM,WSVM,1.0,0.0,0.0,0.0,0.8333333333333334,0.5,"[[200   0]
 [ 40   0]]"
3,1,own_class_center,lin_center_own,0.88,0.4,0.593295878967653,0.4000000000000001,0.8,0.64,"[[176  24]
 [ 24  16]]"
3,1,own_class_center,exp,0.485,0.925,0.6697947446792936,0.4111111111111111,0.5583333333333333,0.7050000000000001,"[[ 97 103]
 [  3  37]]"
3,1,estimated_hyper_lin,lin_center_own,0.865,0.4,0.5882176467941097,0.38554216867469876,0.7875,0.6325,"[[173  27]
 [ 24  16]]"
3,1,estimated_hyper_lin,exp,0.84,0.35,0.5422176684690383,0.3255813953488372,0.7583333333333333,0.5950000000000001,"[[168  32]
 [ 26  14]]"
3,1,actual_hyper_lin,lin_center_own,1.0,0.0,0.0,0.0,0.8333333333333334,0.5,"[[200   0]
 [ 40   0]]"
3,1,actual_hyper_lin,exp,0.85,0.6,0.714142842854285,0.5106382978723405,0.8083333333333333,0.7250000000000001,"[[170  30]
 [ 16  24]]"
3,1,distance_center_own_opposite_tam,func_own_opp_new,0.875,0.575,0.7093130479555553,0.5227272727272727,0.825,0.725,"[[175  25]
 [ 17  23]]"
3,1,distance_center_own_opposite_tam,func_own_opp_new_v1,0.87,0.6,0.7224956747275377,0.5333333333333332,0.825,0.7350000000000001,"[[174  26]
 [ 16  24]]"
3,1,distance_center_own_opposite_tam,func_own_opp_new_v2,0.595,0.625,0.6098155458825234,0.3424657534246575,0.6,0.61,"[[119  81]
 [ 15  25]]"
3,2,SVM,SVM,1.0,0.0,0.0,0.0,0.8333333333333334,0.5,"[[200   0]
 [ 40   0]]"
3,2,WSVM,WSVM,1.0,0.0,0.0,0.0,0.8333333333333334,0.5,"[[200   0]
 [ 40   0]]"
3,2,own_class_center,lin_center_own,0.87,0.35,0.5518151864528558,0.35,0.7833333333333333,0.6100000000000001,"[[174  26]
 [ 26  14]]"
3,2,own_class_center,exp,0.895,0.275,0.4961098668641857,0.3055555555555556,0.7916666666666666,0.585,"[[179  21]
 [ 29  11]]"
3,2,estimated_hyper_lin,lin_center_own,0.87,0.375,0.5711829829397931,0.3703703703703704,0.7875,0.6225,"[[174  26]
 [ 25  15]]"
3,2,estimated_hyper_lin,exp,0.87,0.3,0.5108815909777921,0.3076923076923077,0.775,0.585,"[[174  26]
 [ 28  12]]"
3,2,actual_hyper_lin,lin_center_own,1.0,0.0,0.0,0.0,0.8333333333333334,0.5,"[[200   0]
 [ 40   0]]"
3,2,actual_hyper_lin,exp,0.875,0.5,0.6614378277661477,0.47058823529411764,0.8125,0.6875,"[[175  25]
 [ 20  20]]"
3,2,distance_center_own_opposite_tam,func_own_opp_new,0.875,0.475,0.6446898479113813,0.4523809523809524,0.8083333333333333,0.675,"[[175  25]
 [ 21  19]]"
3,2,distance_center_own_opposite_tam,func_own_opp_new_v1,0.875,0.5,0.6614378277661477,0.47058823529411764,0.8125,0.6875,"[[175  25]
 [ 20  20]]"
3,2,distance_center_own_opposite_tam,func_own_opp_new_v2,0.52,0.55,0.5347896782848376,0.2784810126582279,0.525,0.535,"[[104  96]
 [ 18  22]]"
3,3,SVM,SVM,1.0,0.0,0.0,0.0,0.8333333333333334,0.5,"[[200   0]
 [ 40   0]]"
3,3,WSVM,WSVM,1.0,0.0,0.0,0.0,0.8333333333333334,0.5,"[[200   0]
 [ 40   0]]"
3,3,own_class_center,lin_center_own,0.835,0.425,0.5957138574852863,0.3777777777777778,0.7666666666666667,0.63,"[[167  33]
 [ 23  17]]"
3,3,own_class_center,exp,0.825,0.5,0.6422616289332564,0.4210526315789474,0.7708333333333334,0.6624999999999999,"[[165  35]
 [ 20  20]]"
3,3,estimated_hyper_lin,lin_center_own,0.815,0.375,0.5528336096873995,0.32608695652173914,0.7416666666666667,0.595,"[[163  37]
 [ 25  15]]"
3,3,estimated_hyper_lin,exp,0.795,0.5,0.6304760106459246,0.39603960396039606,0.7458333333333333,0.6475000000000001,"[[159  41]
 [ 20  20]]"
3,3,actual_hyper_lin,lin_center_own,1.0,0.0,0.0,0.0,0.8333333333333334,0.5,"[[200   0]
 [ 40   0]]"
3,3,actual_hyper_lin,exp,0.82,0.55,0.6715653356152326,0.4489795918367347,0.775,0.685,"[[164  36]
 [ 18  22]]"
3,3,distance_center_own_opposite_tam,func_own_opp_new,0.83,0.525,0.6601136265825756,0.4421052631578947,0.7791666666666667,0.6775,"[[166  34]
 [ 19  21]]"
3,3,distance_center_own_opposite_tam,func_own_opp_new_v1,0.825,0.525,0.6581223290544091,0.43750000000000006,0.775,0.6749999999999999,"[[165  35]
 [ 19  21]]"
3,3,distance_center_own_opposite_tam,func_own_opp_new_v2,0.43,0.725,0.5583457710057451,0.3169398907103825,0.4791666666666667,0.5775,"[[ 86 114]
 [ 11  29]]"
3,4,SVM,SVM,1.0,0.0,0.0,0.0,0.8333333333333334,0.5,"[[200   0]
 [ 40   0]]"
3,4,WSVM,WSVM,1.0,0.0,0.0,0.0,0.8333333333333334,0.5,"[[200   0]
 [ 40   0]]"
3,4,own_class_center,lin_center_own,0.87,0.525,0.6758328195641286,0.48275862068965514,0.8125,0.6974999999999999,"[[174  26]
 [ 19  21]]"
3,4,own_class_center,exp,0.885,0.425,0.6132903064617931,0.425,0.8083333333333333,0.655,"[[177  23]
 [ 23  17]]"
3,4,estimated_hyper_lin,lin_center_own,0.865,0.5,0.6576473218982952,0.4597701149425288,0.8041666666666667,0.6824999999999999,"[[173  27]
 [ 20  20]]"
3,4,estimated_hyper_lin,exp,0.815,0.525,0.6541215483379217,0.42857142857142855,0.7666666666666667,0.6699999999999999,"[[163  37]
 [ 19  21]]"
3,4,actual_hyper_lin,lin_center_own,0.995,0.05,0.22304708023195463,0.09302325581395349,0.8375,0.5225000000000001,"[[199   1]
 [ 38   2]]"
3,4,actual_hyper_lin,exp,0.865,0.525,0.6738879728857016,0.4772727272727273,0.8083333333333333,0.695,"[[173  27]
 [ 19  21]]"
3,4,distance_center_own_opposite_tam,func_own_opp_new,0.87,0.525,0.6758328195641286,0.48275862068965514,0.8125,0.6974999999999999,"[[174  26]
 [ 19  21]]"
3,4,distance_center_own_opposite_tam,func_own_opp_new_v1,0.865,0.525,0.6738879728857016,0.4772727272727273,0.8083333333333333,0.695,"[[173  27]
 [ 19  21]]"
3,4,distance_center_own_opposite_tam,func_own_opp_new_v2,0.47,0.775,0.6035312750802563,0.3502824858757062,0.5208333333333334,0.6225,"[[ 94 106]
 [  9  31]]"
3,5,SVM,SVM,1.0,0.0,0.0,0.0,0.8333333333333334,0.5,"[[200   0]
 [ 40   0]]"
3,5,WSVM,WSVM,1.0,0.0,0.0,0.0,0.8333333333333334,0.5,"[[200   0]
 [ 40   0]]"
3,5,own_class_center,lin_center_own,0.885,0.525,0.6816340660501058,0.5,0.825,0.705,"[[177  23]
 [ 19  21]]"
3,5,own_class_center,exp,0.455,0.875,0.6309714732061982,0.3804347826086956,0.525,0.665,"[[ 91 109]
 [  5  35]]"
3,5,estimated_hyper_lin,lin_center_own,0.885,0.475,0.6483633240706942,0.46341463414634143,0.8166666666666667,0.68,"[[177  23]
 [ 21  19]]"
3,5,estimated_hyper_lin,exp,0.82,0.475,0.624099351065197,0.4,0.7625,0.6475000000000001,"[[164  36]
 [ 21  19]]"
3,5,actual_hyper_lin,lin_center_own,1.0,0.0,0.0,0.0,0.8333333333333334,0.5,"[[200   0]
 [ 40   0]]"
3,5,actual_hyper_lin,exp,0.875,0.675,0.7685213074469699,0.5869565217391304,0.8416666666666667,0.775,"[[175  25]
 [ 13  27]]"
3,5,distance_center_own_opposite_tam,func_own_opp_new,0.875,0.65,0.7541551564499178,0.5714285714285715,0.8375,0.7625,"[[175  25]
 [ 14  26]]"
3,5,distance_center_own_opposite_tam,func_own_opp_new_v1,0.875,0.675,0.7685213074469699,0.5869565217391304,0.8416666666666667,0.775,"[[175  25]
 [ 13  27]]"
3,5,distance_center_own_opposite_tam,func_own_opp_new_v2,0.42,0.5,0.458257569495584,0.22727272727272727,0.43333333333333335,0.4600000000000001,"[[ 84 116]
 [ 20  20]]"
Times,Fold,Name Method,Name Function,SP,SE,Gmean,F1 Score,Accuracy,AUC,Ma tran nham lan
4,1,SVM,SVM,1.0,0.0,0.0,0.0,0.8333333333333334,0.5,"[[200   0]
 [ 40   0]]"
4,1,WSVM,WSVM,1.0,0.0,0.0,0.0,0.8333333333333334,0.5,"[[200   0]
 [ 40   0]]"
4,1,own_class_center,lin_center_own,0.895,0.35,0.5596874127582288,0.3733333333333333,0.8041666666666667,0.6225,"[[179  21]
 [ 26  14]]"
4,1,own_class_center,exp,0.935,0.25,0.4834769901453429,0.3174603174603175,0.8208333333333333,0.5925000000000001,"[[187  13]
 [ 30  10]]"
4,1,estimated_hyper_lin,lin_center_own,0.885,0.35,0.5565518843737751,0.36363636363636365,0.7958333333333333,0.6175,"[[177  23]
 [ 26  14]]"
4,1,estimated_hyper_lin,exp,0.84,0.45,0.6148170459575759,0.39999999999999997,0.775,0.645,"[[168  32]
 [ 22  18]]"
4,1,actual_hyper_lin,lin_center_own,1.0,0.0,0.0,0.0,0.8333333333333334,0.5,"[[200   0]
 [ 40   0]]"
4,1,actual_hyper_lin,exp,0.895,0.425,0.6167454904577738,0.4358974358974359,0.8166666666666667,0.66,"[[179  21]
 [ 23  17]]"
4,1,distance_center_own_opposite_tam,func_own_opp_new,0.9,0.425,0.6184658438426491,0.44155844155844154,0.8208333333333333,0.6625,"[[180  20]
 [ 23  17]]"
4,1,distance_center_own_opposite_tam,func_own_opp_new_v1,0.895,0.425,0.6167454904577738,0.4358974358974359,0.8166666666666667,0.66,"[[179  21]
 [ 23  17]]"
4,1,distance_center_own_opposite_tam,func_own_opp_new_v2,0.46,0.7,0.5674504383644443,0.3181818181818182,0.5,0.58,"[[ 92 108]
 [ 12  28]]"
4,2,SVM,SVM,1.0,0.0,0.0,0.0,0.8333333333333334,0.5,"[[200   0]
 [ 40   0]]"
4,2,WSVM,WSVM,1.0,0.0,0.0,0.0,0.8333333333333334,0.5,"[[200   0]
 [ 40   0]]"
4,2,own_class_center,lin_center_own,0.8,0.425,0.5830951894845301,0.35051546391752575,0.7375,0.6125,"[[160  40]
 [ 23  17]]"
4,2,own_class_center,exp,0.405,0.95,0.6202821938440599,0.3857868020304569,0.49583333333333335,0.6775,"[[ 81 119]
 [  2  38]]"
4,2,estimated_hyper_lin,lin_center_own,0.795,0.45,0.5981220611213066,0.36363636363636365,0.7375,0.6224999999999999,"[[159  41]
 [ 22  18]]"
4,2,estimated_hyper_lin,exp,0.745,0.5,0.6103277807866851,0.36036036036036034,0.7041666666666667,0.6224999999999999,"[[149  51]
 [ 20  20]]"
4,2,actual_hyper_lin,lin_center_own,1.0,0.0,0.0,0.0,0.8333333333333334,0.5,"[[200   0]
 [ 40   0]]"
4,2,actual_hyper_lin,exp,0.81,0.7,0.7529940238806679,0.5283018867924527,0.7916666666666666,0.755,"[[162  38]
 [ 12  28]]"
4,2,distance_center_own_opposite_tam,func_own_opp_new,0.84,0.65,0.7389181280764466,0.5306122448979592,0.8083333333333333,0.745,"[[168  32]
 [ 14  26]]"
4,2,distance_center_own_opposite_tam,func_own_opp_new_v1,0.815,0.7,0.7553145040312677,0.5333333333333333,0.7958333333333333,0.7575,"[[163  37]
 [ 12  28]]"
4,2,distance_center_own_opposite_tam,func_own_opp_new_v2,0.465,0.55,0.5057173123396114,0.2603550295857988,0.4791666666666667,0.5075000000000001,"[[ 93 107]
 [ 18  22]]"
4,3,SVM,SVM,1.0,0.0,0.0,0.0,0.8333333333333334,0.5,"[[200   0]
 [ 40   0]]"
4,3,WSVM,WSVM,1.0,0.0,0.0,0.0,0.8333333333333334,0.5,"[[200   0]
 [ 40   0]]"
4,3,own_class_center,lin_center_own,0.845,0.475,0.6335416324125827,0.4222222222222222,0.7833333333333333,0.66,"[[169  31]
 [ 21  19]]"
4,3,own_class_center,exp,0.87,0.35,0.5518151864528558,0.35,0.7833333333333333,0.6100000000000001,"[[174  26]
 [ 26  14]]"
4,3,estimated_hyper_lin,lin_center_own,0.855,0.45,0.6202821938440599,0.4137931034482758,0.7875,0.6525,"[[171  29]
 [ 22  18]]"
4,3,estimated_hyper_lin,exp,0.855,0.425,0.6028059389223036,0.3953488372093023,0.7833333333333333,0.64,"[[171  29]
 [ 23  17]]"
4,3,actual_hyper_lin,lin_center_own,0.975,0.125,0.3491060010942235,0.2,0.8333333333333334,0.55,"[[195   5]
 [ 35   5]]"
4,3,actual_hyper_lin,exp,0.84,0.6,0.7099295739719539,0.5,0.8,0.7200000000000001,"[[168  32]
 [ 16  24]]"
4,3,distance_center_own_opposite_tam,func_own_opp_new,0.845,0.6,0.7120393247567159,0.5052631578947367,0.8041666666666667,0.7225,"[[169  31]
 [ 16  24]]"
4,3,distance_center_own_opposite_tam,func_own_opp_new_v1,0.845,0.6,0.7120393247567159,0.5052631578947367,0.8041666666666667,0.7225,"[[169  31]
 [ 16  24]]"
4,3,distance_center_own_opposite_tam,func_own_opp_new_v2,0.505,0.625,0.5618051263561058,0.3048780487804878,0.525,0.5650000000000001,"[[101  99]
 [ 15  25]]"
4,4,SVM,SVM,1.0,0.0,0.0,0.0,0.8333333333333334,0.5,"[[200   0]
 [ 40   0]]"
4,4,WSVM,WSVM,1.0,0.0,0.0,0.0,0.8333333333333334,0.5,"[[200   0]
 [ 40   0]]"
4,4,own_class_center,lin_center_own,0.87,0.45,0.6256996084384263,0.4285714285714286,0.8,0.66,"[[174  26]
 [ 22  18]]"
4,4,own_class_center,exp,0.965,0.075,0.2690260210462921,0.12,0.8166666666666667,0.52,"[[193   7]
 [ 37   3]]"
4,4,estimated_hyper_lin,lin_center_own,0.87,0.525,0.6758328195641286,0.48275862068965514,0.8125,0.6974999999999999,"[[174  26]
 [ 19  21]]"
4,4,estimated_hyper_lin,exp,0.84,0.525,0.6640783086353597,0.45161290322580644,0.7875,0.6825,"[[168  32]
 [ 19  21]]"
4,4,actual_hyper_lin,lin_center_own,1.0,0.0,0.0,0.0,0.8333333333333334,0.5,"[[200   0]
 [ 40   0]]"
4,4,actual_hyper_lin,exp,0.855,0.75,0.8007808689023483,0.6060606060606061,0.8375,0.8024999999999999,"[[171  29]
 [ 10  30]]"
4,4,distance_center_own_opposite_tam,func_own_opp_new,0.885,0.7,0.7870832230456954,0.6153846153846154,0.8541666666666666,0.7925,"[[177  23]
 [ 12  28]]"
4,4,distance_center_own_opposite_tam,func_own_opp_new_v1,0.87,0.575,0.7072835357902798,0.5168539325842697,0.8208333333333333,0.7225,"[[174  26]
 [ 17  23]]"
4,4,distance_center_own_opposite_tam,func_own_opp_new_v2,0.45,0.575,0.5086747487343951,0.2658959537572254,0.4708333333333333,0.5125,"[[ 90 110]
 [ 17  23]]"
4,5,SVM,SVM,1.0,0.0,0.0,0.0,0.8333333333333334,0.5,"[[200   0]
 [ 40   0]]"
4,5,WSVM,WSVM,1.0,0.0,0.0,0.0,0.8333333333333334,0.5,"[[200   0]
 [ 40   0]]"
4,5,own_class_center,lin_center_own,0.855,0.475,0.63727937358744,0.43181818181818177,0.7916666666666666,0.665,"[[171  29]
 [ 21  19]]"
4,5,own_class_center,exp,0.89,0.4,0.5966573556070519,0.41025641025641024,0.8083333333333333,0.645,"[[178  22]
 [ 24  16]]"
4,5,estimated_hyper_lin,lin_center_own,0.865,0.425,0.606320872146094,0.40476190476190477,0.7916666666666666,0.645,"[[173  27]
 [ 23  17]]"
4,5,estimated_hyper_lin,exp,0.87,0.4,0.5899152481501051,0.3902439024390244,0.7916666666666666,0.635,"[[174  26]
 [ 24  16]]"
4,5,actual_hyper_lin,lin_center_own,1.0,0.0,0.0,0.0,0.8333333333333334,0.5,"[[200   0]
 [ 40   0]]"
4,5,actual_hyper_lin,exp,0.85,0.475,0.6354132513569417,0.42696629213483145,0.7875,0.6625000000000001,"[[170  30]
 [ 21  19]]"
4,5,distance_center_own_opposite_tam,func_own_opp_new,0.875,0.475,0.6446898479113813,0.4523809523809524,0.8083333333333333,0.675,"[[175  25]
 [ 21  19]]"
4,5,distance_center_own_opposite_tam,func_own_opp_new_v1,0.875,0.475,0.6446898479113813,0.4523809523809524,0.8083333333333333,0.675,"[[175  25]
 [ 21  19]]"
4,5,distance_center_own_opposite_tam,func_own_opp_new_v2,0.48,0.775,0.6099180272790763,0.35428571428571426,0.5291666666666667,0.6275,"[[ 96 104]
 [  9  31]]"
