CommonNeighbor,AdamicAdar,JaccardCoefficient,PreferentialAttachment,ResourceAllocation,ShortestPath,CommonCountry,Label
7,2.485339738,0.666666667,25,0.8,1,7,1
5,2.485339738,0.666666667,25,0.8,1,5,1
0,5.831196553,0.619047619,280,1.408661192,1,0,1
7,2.959998134,0.333333333,160,0.662337662,1,7,1
0,2.666736988,0.238095238,120,0.766666667,1,0,1
6,3.212222703,0.233333333,340,0.796266234,1,6,1
5,2.787472675,0.2,320,0.701680672,1,5,1
10,2.959998134,0.333333333,160,0.662337662,1,10,1
0,2.634248093,0.285714286,140,0.621323529,1,0,1
5,2.634248093,0.285714286,140,0.621323529,1,5,1
3,2.000805667,0.428571429,24,0.666666667,1,3,1
4,1.442695041,0.142857143,12,0.5,1,4,1
5,2.622313751,0.714285714,36,0.743589744,1,5,1
5,2.790553133,0.357142857,78,0.833333333,1,5,1
0,2.622313751,0.714285714,36,0.743589744,1,0,1
5,2.622313751,0.714285714,36,0.743589744,1,5,1
3,2.164042561,0.6,16,0.75,1,3,1
0,2.164042561,0.6,16,0.75,1,0,1
3,2.164042561,0.6,16,0.75,1,3,1
4,2.164042561,0.6,16,0.75,1,4,1
24,8.121906192,0.913043478,484,1.593941147,1,24,1
0,0.679246544,0.068965517,198,0.105263158,0.5,0,1
0,0.679246544,0.068965517,198,0.105263158,0.5,0,1
7,2.953524108,0.545454545,70,0.787337662,1,7,1
7,2.953524108,0.545454545,70,0.787337662,1,7,1
7,3.050390059,0.4,110,0.839285714,1,7,1
0,3.188803157,0.466666667,112,0.787037037,1,0,1
5,2.790553133,0.357142857,78,0.833333333,1,5,1
0,2.622313751,0.714285714,36,0.743589744,1,0,1
5,2.622313751,0.714285714,36,0.743589744,1,5,1
0,2.790553133,0.357142857,78,0.833333333,1,0,1
7,2.790553133,0.357142857,78,0.833333333,1,7,1
0,2.164042561,0.6,16,0.75,1,0,1
3,1.820478453,0.5,9,0.666666667,1,3,1
0,2.790553133,0.714285714,36,0.833333333,1,0,1
2,2.790553133,0.714285714,36,0.833333333,1,2,1
9,3.48288688,0.8,81,0.805555556,1,9,1
9,3.535576889,0.615384615,108,0.833333333,1,9,1
12,4.954595694,0.285714286,243,1.583333333,1,12,1
3,0.851326873,0.111111111,51,0.190909091,1,3,1
5,2.164042561,0.6,16,0.75,1,5,1
0,2.120953975,0.16,120,0.620408163,1,0,1
1,0.31465798,0.090909091,35,0.041666667,0.5,1,1
4,2.485339738,0.4,45,0.8,1,4,1
0,2.485339738,0.4,45,0.8,1,0,1
0,2.485339738,0.4,45,0.8,1,0,1
1,0,0,1,0,1,1,1
8,3.103634427,0.28,192,0.737373737,1,8,1
11,9.402095276,0.68,432,2.771103896,1,11,1
10,7.601707855,0.52,336,2.346031746,1,10,1
0,2.319124417,0.666666667,25,0.711111111,1,0,1
8,2.000805667,0.115384615,100,0.666666667,1,8,1
8,1.753362508,0.428571429,24,0.54,1,8,1
2,0.310667467,0.071428571,44,0.04,0.5,2,1
8,1.590125614,0.6,16,0.456666667,1,8,1
6,3.640956907,0.8,81,0.888888889,1,6,1
6,3.640956907,0.8,81,0.888888889,1,6,1
0,2.485339738,0.666666667,25,0.8,1,0,1
12,3.984521015,0.192307692,150,1.416666667,1,12,1
10,4.106247647,0.384615385,275,0.877005348,1,10,1
8,2.000805667,0.115384615,100,0.666666667,1,8,1
3,1.820478453,0.5,9,0.666666667,1,3,1
6,2.344903151,0.444444444,40,0.725,1,6,1
8,4.6493823,0.777777778,64,1.55,1,8,1
5,2.344903151,0.333333333,55,0.725,1,5,1
5,2.281037195,0.444444444,40,0.690909091,1,5,1
4,2.164042561,0.6,16,0.75,1,4,1
0,1.442695041,0.25,6,0.5,1,0,1
16,5.535562145,0.695652174,374,0.891329259,1,16,1
0,3.083390054,0.75,49,0.857142857,1,0,1
6,3.083390054,0.75,49,0.857142857,1,6,1
0,3.083390054,0.75,49,0.857142857,1,0,1
0,3.083390054,0.75,49,0.857142857,1,0,1
2,3.083390054,0.75,49,0.857142857,1,2,1
0,3.083390054,0.75,49,0.857142857,1,0,1
0,1.820478453,0.5,9,0.666666667,1,0,1
2,1.820478453,0.5,9,0.666666667,1,2,1
0,1.820478453,0.5,9,0.666666667,1,0,1
2,1.442695041,0.090909091,20,0.5,1,2,1
7,3.083390054,0.75,49,0.857142857,1,7,1
6,3.083390054,0.75,49,0.857142857,1,6,1
5,1.820478453,0.5,9,0.666666667,1,5,1
5,1.820478453,0.5,9,0.666666667,1,5,1
6,2.51370892,0.172413793,253,0.695238095,1,6,1
2,0.318928989,0.041666667,154,0.043478261,0.5,2,1
2,0.318928989,0.041666667,154,0.043478261,0.5,2,1
6,2.274527283,0.416666667,66,0.572049689,1,6,1
2,0.318928989,0.041666667,154,0.043478261,0.5,2,1
4,1.442695041,0.066666667,28,0.5,1,4,1
4,2.164042561,0.6,16,0.75,1,4,1
0,2.164042561,0.6,16,0.75,1,0,1
4,2.164042561,0.6,16,0.75,1,4,1
0,3.173455886,0.388888889,136,0.774853801,1,0,1
9,4.109473847,0.444444444,153,1.122076023,1,9,1
9,4.109473847,0.444444444,153,1.122076023,1,9,1
0,3.173455886,0.388888889,136,0.774853801,1,0,1
4,2.253876049,0.666666667,25,0.676923077,1,4,1
0,2.253876049,0.666666667,25,0.676923077,1,0,1
1,1.442695041,0.25,6,0.5,1,1,1
6,2.164042561,0.6,16,0.75,1,6,1
2,0.621334935,0.25,6,0.2,0.5,2,-1
6,1.531574161,0.5,9,0.533333333,1,6,-1
6,1.531574161,0.5,9,0.533333333,1,6,-1
32,8.913669171,0.587301587,2451,0.583292126,0.5,32,-1
38,10.91710587,0.592105263,3648,0.731078359,1,38,-1
1,0.240449173,0.015151515,570,0.015625,0.5,1,-1
7,3.366288429,0.120689655,456,0.875,1,7,-1
0,0.695213803,0.046875,570,0.040123457,0.5,0,-1
7,3.366288429,0.120689655,456,0.875,1,7,-1
2,0.389871245,0.015384615,513,0.076923077,0.5,2,-1
7,3.366288429,0.120689655,456,0.875,1,7,-1
38,10.91710587,0.592105263,3648,0.731078359,1,38,-1
38,10.91525617,0.608108108,3534,0.730574327,1,38,-1
38,10.92999523,0.483870968,4617,0.73435768,1,38,-1
2,0.389871245,0.015151515,570,0.076923077,0.5,2,-1
0,1.368167937,0.051724138,228,0.34733124,1,0,-1
4,0.699914481,0.049180328,399,0.041331186,0.5,4,-1
0,10.92372804,0.535714286,4104,0.732814471,1,0,-1
0,0.227559807,0.016666667,228,0.012345679,0.5,0,-1
0,0.695213803,0.046875,570,0.040123457,0.5,0,-1
3,1.699644212,0.044776119,741,0.520408163,1,3,-1
0,0.389871245,0.015384615,513,0.076923077,0.5,0,-1
38,10.9213777,0.555555556,3933,0.732210606,1,38,-1
0,10.91525617,0.608108108,3534,0.730574327,1,0,-1
38,10.91525617,0.608108108,3534,0.730574327,1,38,-1
38,10.9213777,0.555555556,3933,0.732210606,1,38,-1
0,3.331611039,0.237288136,912,0.209733964,0.5,0,-1
35,10.13716501,0.617647059,3021,0.667297051,0.5,35,-1
38,10.91525617,0.608108108,3534,0.730574327,1,38,-1
38,10.91525617,0.608108108,3534,0.730574327,1,38,-1
38,10.91525617,0.608108108,3534,0.730574327,1,38,-1
38,10.91525617,0.608108108,3534,0.730574327,1,38,-1
38,10.91525617,0.608108108,3534,0.730574327,1,38,-1
36,10.1633057,0.646153846,2850,0.67495591,0.5,36,-1
40,12.73317216,0.827586207,2793,1.303218273,1,40,-1
38,10.91525617,0.608108108,3534,0.730574327,1,38,-1
4,0.699914481,0.049180328,399,0.041331186,0.5,4,-1
4,0.699914481,0.049180328,399,0.041331186,0.5,4,-1
0,10.91710587,0.592105263,3648,0.731078359,1,0,-1
0,10.91710587,0.592105263,3648,0.731078359,1,0,-1
38,10.91710587,0.592105263,3648,0.731078359,1,38,-1
0,10.91710587,0.592105263,3648,0.731078359,1,0,-1
4,0.699914481,0.049180328,399,0.041331186,0.5,4,-1
38,10.91710587,0.592105263,3648,0.731078359,1,38,-1
0,10.91230898,0.633802817,3363,0.729754207,1,0,-1
38,10.91525617,0.608108108,3534,0.730574327,1,38,-1
38,10.91525617,0.608108108,3534,0.730574327,1,38,-1
38,10.91525617,0.608108108,3534,0.730574327,1,38,-1
38,10.91525617,0.608108108,3534,0.730574327,1,38,-1
38,10.91525617,0.608108108,3534,0.730574327,1,38,-1
38,10.91525617,0.608108108,3534,0.730574327,1,38,-1
38,10.91525617,0.608108108,3534,0.730574327,1,38,-1
36,9.919066362,0.694915254,2451,0.658289244,0.5,36,-1
38,10.91230898,0.633802817,3363,0.729754207,1,38,-1
38,10.90060587,0.737704918,2793,0.726295196,1,38,-1
38,10.91525617,0.608108108,3534,0.730574327,1,38,-1
38,10.90060587,0.737704918,2793,0.726295196,1,38,-1
38,10.91230898,0.633802817,3363,0.729754207,1,38,-1
38,10.91525617,0.608108108,3534,0.730574327,1,38,-1
4,0.699914481,0.049180328,399,0.041331186,0.5,4,-1
11,3.331611039,0.237288136,912,0.209733964,0.5,11,-1
38,10.91710587,0.592105263,3648,0.731078359,1,38,-1
38,10.92372804,0.535714286,4104,0.732814471,1,38,-1
38,10.91710587,0.592105263,3648,0.731078359,1,38,-1
0,10.91710587,0.592105263,3648,0.731078359,1,0,-1
38,10.91525617,0.608108108,3534,0.730574327,1,38,-1
36,9.919066362,0.694915254,2451,0.658289244,0.5,36,-1
3,1.368167937,0.051724138,228,0.34733124,1,3,-1
38,10.91525617,0.608108108,3534,0.730574327,1,38,-1
38,10.90801253,0.671641791,3135,0.728521541,1,38,-1
38,10.91525617,0.608108108,3534,0.730574327,1,38,-1
0,10.13716501,0.636363636,2907,0.667297051,0.5,0,-1
0,3.366288429,0.120689655,456,0.875,1,0,-1
7,3.366288429,0.120689655,456,0.875,1,7,-1
7,3.366288429,0.120689655,456,0.875,1,7,-1
1,0.240449173,0.015625,456,0.015625,0.5,1,-1
32,8.913669171,0.587301587,2451,0.583292126,0.5,32,-1
36,10.38670753,0.614285714,3192,0.68547887,0.5,36,-1
32,8.913669171,0.587301587,2451,0.583292126,0.5,32,-1
36,10.38670753,0.614285714,3192,0.68547887,0.5,36,-1
0,0.389871245,0.015384615,513,0.076923077,0.5,0,-1
2,0.389871245,0.015384615,513,0.076923077,0.5,2,-1
2,0.227559807,0.016666667,228,0.012345679,0.5,2,-1
1,0.240449173,0.015625,456,0.015625,0.5,1,-1
1,0.240449173,0.015625,456,0.015625,0.5,1,-1
36,10.38670753,0.614285714,3192,0.68547887,0.5,36,-1
1,0.240449173,0.015625,456,0.015625,0.5,1,-1
0,0.389871245,0.015384615,513,0.076923077,0.5,0,-1
2,0.227559807,0.016666667,228,0.012345679,0.5,2,-1
0,0.240449173,0.015625,456,0.015625,0.5,0,-1
7,3.366288429,0.120689655,456,0.875,1,7,-1
7,3.366288429,0.120689655,456,0.875,1,7,-1
1,0.240449173,0.015625,456,0.015625,0.5,1,-1
0,0.227559807,0.016666667,228,0.012345679,0.5,0,-1
0,10.9133157,0.625,3420,0.730036693,1,0,-1
2,0.389871245,0.015384615,513,0.076923077,0.5,2,-1
38,10.90912954,0.661764706,3192,0.728846217,1,38,-1
35,10.13716501,0.636363636,2907,0.667297051,0.5,35,-1
35,10.13716501,0.636363636,2907,0.667297051,0.5,35,-1
35,10.13716501,0.636363636,2907,0.667297051,0.5,35,-1
0,0.695213803,0.046875,570,0.040123457,0.5,0,-1
0,0.695213803,0.046875,570,0.040123457,0.5,0,-1
0,0.695213803,0.046875,570,0.040123457,0.5,0,-1
3,0.695213803,0.046875,570,0.040123457,0.5,3,-1
2,0.389871245,0.015384615,513,0.076923077,0.5,2,-1
38,10.90912954,0.661764706,3192,0.728846217,1,38,-1
2,0.389871245,0.015384615,513,0.076923077,0.5,2,-1
35,10.13716501,0.636363636,2907,0.667297051,0.5,35,-1
0,10.13716501,0.636363636,2907,0.667297051,0.5,0,-1
0,0.695213803,0.046875,570,0.040123457,0.5,0,-1
2,0.389871245,0.1,28,0.076923077,0.5,2,-1
0,0.389871245,0.071428571,56,0.076923077,0.5,0,-1
6,3.083390054,0.428571429,91,0.857142857,1,6,-1
6,2.959362957,0.75,49,0.791208791,1,6,-1
8,2.959362957,0.75,49,0.791208791,1,8,-1
0,0.389871245,0.125,14,0.076923077,0.5,0,-1
6,2.959362957,0.75,49,0.791208791,1,6,-1
0,2.959362957,0.75,49,0.791208791,1,0,-1
6,2.485339738,0.307692308,60,0.8,1,6,-1
6,2.485339738,0.307692308,60,0.8,1,6,-1
6,2.485339738,0.307692308,60,0.8,1,6,-1
6,3.083390054,0.461538462,84,0.857142857,1,6,-1
0,3.083390054,0.461538462,84,0.857142857,1,0,-1
9,3.083390054,0.461538462,84,0.857142857,1,9,-1
6,3.083390054,0.461538462,84,0.857142857,1,6,-1
9,3.083390054,0.461538462,84,0.857142857,1,9,-1
6,3.083390054,0.461538462,84,0.857142857,1,6,-1
9,3.083390054,0.461538462,84,0.857142857,1,9,-1
0,2.485339738,0.307692308,60,0.8,1,0,-1
7,3.167500383,0.25,264,0.771464646,1,7,-1
0,1.788671297,0.12,96,0.555555556,1,0,-1
4,1.967569307,0.16,120,0.526984127,1,4,-1
7,3.167500383,0.25,264,0.771464646,1,7,-1
3,0.834064783,0.076923077,96,0.181818182,0.5,3,-1
0,3.103634427,0.28,192,0.737373737,1,0,-1
3,0.834064783,0.076923077,96,0.181818182,0.5,3,-1
4,2.242927985,0.097560976,504,0.671428571,1,4,-1
4,1.95005179,0.16,120,0.519047619,1,4,-1
0,0.328458739,0.025641026,384,0.047619048,0.5,0,-1
0,1.95005179,0.16,120,0.519047619,1,0,-1
6,3.410264348,0.24,168,1.026984127,1,6,-1
0,1.860132715,0.16,120,0.46984127,1,0,-1
7,3.103634427,0.28,192,0.737373737,1,7,-1
7,3.103634427,0.28,192,0.737373737,1,7,-1
4,1.614169045,0.12,96,0.464285714,1,4,-1
2,0.328458739,0.025641026,384,0.047619048,0.5,2,-1
0,0.328458739,0.025641026,384,0.047619048,0.5,0,-1
0,1.967569307,0.16,120,0.526984127,1,0,-1
5,1.967569307,0.16,120,0.526984127,1,5,-1
0,0.328458739,0.025641026,384,0.047619048,0.5,0,-1
0,0.328458739,0.025641026,384,0.047619048,0.5,0,-1
0,0.328458739,0.025641026,384,0.047619048,0.5,0,-1
0,0.328458739,0.025641026,384,0.047619048,0.5,0,-1
0,1.788671297,0.12,96,0.555555556,1,0,-1
0,0.328458739,0.025641026,384,0.047619048,0.5,0,-1
0,0.328458739,0.025641026,384,0.047619048,0.5,0,-1
0,0.328458739,0.025641026,384,0.047619048,0.5,0,-1
0,0.328458739,0.025641026,384,0.047619048,0.5,0,-1
0,0.328458739,0.025641026,384,0.047619048,0.5,0,-1
2,0.328458739,0.025641026,384,0.047619048,0.5,2,-1
4,1.614169045,0.12,96,0.464285714,1,4,-1
0,0.328458739,0.025641026,384,0.047619048,0.5,0,-1
0,0.328458739,0.025641026,384,0.047619048,0.5,0,-1
0,0.328458739,0.025641026,384,0.047619048,0.5,0,-1
0,1.788671297,0.12,96,0.555555556,1,0,-1
0,3.184234225,0.5,104,0.778846154,1,0,-1
3,1.169613736,0.125,152,0.230769231,0.5,3,-1
3,1.169613736,0.15,120,0.230769231,0.5,3,-1
3,1.169613736,0.25,56,0.230769231,0.5,3,-1
0,1.169613736,0.25,56,0.230769231,0.5,0,-1
3,1.169613736,0.25,56,0.230769231,0.5,3,-1
5,3.184234225,0.5,104,0.778846154,1,5,-1
0,3.184234225,0.5,104,0.778846154,1,0,-1
8,3.093207124,0.777777778,64,0.730769231,1,8,-1
8,3.093207124,0.777777778,64,0.730769231,1,8,-1
8,3.093207124,0.777777778,64,0.730769231,1,8,-1
0,3.093207124,0.777777778,64,0.730769231,1,0,-1
5,3.093207124,0.777777778,64,0.730769231,1,5,-1
0,2.485339738,0.666666667,25,0.8,1,0,-1
0,2.485339738,0.666666667,25,0.8,1,0,-1
5,2.485339738,0.666666667,25,0.8,1,5,-1
3,2.485339738,0.666666667,25,0.8,1,3,-1
5,2.485339738,0.666666667,25,0.8,1,5,-1
4,2.164042561,0.6,16,0.75,1,4,-1
4,2.164042561,0.6,16,0.75,1,4,-1
4,2.164042561,0.6,16,0.75,1,4,-1
4,2.164042561,0.6,16,0.75,1,4,-1
2,0.513898342,0.166666667,10,0.142857143,0.5,2,-1
3,0.513898342,0.333333333,4,0.142857143,1,3,-1
3,0.513898342,0.066666667,28,0.142857143,0.5,3,-1
2,1.442695041,0.125,14,0.5,1,2,-1
2,0.513898342,0.166666667,10,0.142857143,0.5,2,-1
0,0.455119613,0.05,80,0.111111111,0.5,0,-1
0,0.455119613,0.05,80,0.111111111,0.5,0,-1
0,2.319124417,0.666666667,25,0.711111111,1,0,-1
0,0.455119613,0.022222222,205,0.111111111,0.5,0,-1
2,0.455119613,0.125,20,0.111111111,0.5,2,-1
4,2.319124417,0.666666667,25,0.711111111,1,4,-1
0,2.319124417,0.666666667,25,0.711111111,1,0,-1
0,2.790553133,0.714285714,36,0.833333333,1,0,-1
4,2.790553133,0.714285714,36,0.833333333,1,4,-1
4,2.790553133,0.714285714,36,0.833333333,1,4,-1
0,2.790553133,0.714285714,36,0.833333333,1,0,-1
0,2.790553133,0.714285714,36,0.833333333,1,0,-1
0,2.790553133,0.714285714,36,0.833333333,1,0,-1
5,1.820478453,0.5,9,0.666666667,1,5,-1
5,1.820478453,0.5,9,0.666666667,1,5,-1
10,4.015505675,0.833333333,121,0.832535885,1,10,-1
11,4.092914795,0.5,209,0.870813397,1,11,-1
10,4.015505675,0.833333333,121,0.832535885,1,10,-1
10,4.015505675,0.833333333,121,0.832535885,1,10,-1
10,4.015505675,0.833333333,121,0.832535885,1,10,-1
10,4.015505675,0.833333333,121,0.832535885,1,10,-1
10,4.092914795,0.5,209,0.870813397,1,10,-1
10,4.015505675,0.833333333,121,0.832535885,1,10,-1
10,4.015505675,0.833333333,121,0.832535885,1,10,-1
10,4.015505675,0.833333333,121,0.832535885,1,10,-1
0,4.015505675,0.833333333,121,0.832535885,1,0,-1
3,0.679246544,0.111111111,99,0.105263158,0.5,3,-1
0,0.679246544,0.111111111,99,0.105263158,0.5,0,-1
3,0.679246544,0.111111111,99,0.105263158,0.5,3,-1
3,0.679246544,0.111111111,99,0.105263158,0.5,3,-1
3,0.679246544,0.111111111,99,0.105263158,0.5,3,-1
3,0.679246544,0.111111111,99,0.105263158,0.5,3,-1
3,0.679246544,0.111111111,99,0.105263158,0.5,3,-1
3,0.679246544,0.111111111,99,0.105263158,0.5,3,-1
6,3.083390054,0.75,49,0.857142857,1,6,-1
6,3.083390054,0.75,49,0.857142857,1,6,-1
6,3.083390054,0.75,49,0.857142857,1,6,-1
6,3.083390054,0.75,49,0.857142857,1,6,-1
6,3.083390054,0.75,49,0.857142857,1,6,-1
0,3.083390054,0.75,49,0.857142857,1,0,-1
6,3.083390054,0.75,49,0.857142857,1,6,-1
0,1.820478453,0.2,27,0.666666667,1,0,-1
0,0.455119613,0.125,18,0.111111111,0.5,0,-1
0,0.455119613,0.125,18,0.111111111,0.5,0,-1
0,0.455119613,0.0625,42,0.111111111,0.5,0,-1
0,0.455119613,0.125,18,0.111111111,0.5,0,-1
0,0.455119613,0.083333333,30,0.111111111,0.5,0,-1
0,0.455119613,0.125,18,0.111111111,0.5,0,-1
0,1.36535884,0.5,9,0.444444444,1,0,-1
0,5.506121474,0.888888889,289,0.877960275,1,0,-1
0,0.300101629,0.024390244,425,0.035714286,0.5,0,-1
0,0.300101629,0.028571429,323,0.035714286,0.5,0,-1
0,5.506121474,0.888888889,289,0.877960275,1,0,-1
0,0.300101629,0.014705882,884,0.035714286,0.5,0,-1
0,5.535562145,0.695652174,374,0.891329259,1,0,-1
0,0.300101629,0.025641026,391,0.035714286,0.5,0,-1
0,5.535562145,0.695652174,374,0.891329259,1,0,-1
0,0.300101629,0.037037037,187,0.035714286,0.5,0,-1
0,5.506121474,0.888888889,289,0.877960275,1,0,-1
0,5.535562145,0.695652174,374,0.891329259,1,0,-1
0,0.970546359,0.142857143,119,0.136363636,0.5,0,-1
0,0.970546359,0.142857143,119,0.136363636,0.5,0,-1
0,0.970546359,0.142857143,119,0.136363636,0.5,0,-1
0,0.970546359,0.142857143,119,0.136363636,0.5,0,-1
0,0.970546359,0.142857143,119,0.136363636,0.5,0,-1
0,0.300101629,0.037037037,187,0.035714286,0.5,0,-1
0,0.300101629,0.037037037,187,0.035714286,0.5,0,-1
0,0.300101629,0.037037037,187,0.035714286,0.5,0,-1
0,5.55897597,0.551724138,476,0.901069519,1,0,-1
0,0.300101629,0.037037037,187,0.035714286,0.5,0,-1
0,0.300101629,0.037037037,187,0.035714286,0.5,0,-1
0,0.300101629,0.037037037,187,0.035714286,0.5,0,-1
0,5.506121474,0.888888889,289,0.877960275,1,0,-1
0,5.506121474,0.888888889,289,0.877960275,1,0,-1
0,5.506121474,0.888888889,289,0.877960275,1,0,-1
0,5.506121474,0.888888889,289,0.877960275,1,0,-1
0,5.506121474,0.888888889,289,0.877960275,1,0,-1
0,5.506121474,0.888888889,289,0.877960275,1,0,-1
0,5.506121474,0.888888889,289,0.877960275,1,0,-1
0,5.506121474,0.888888889,289,0.877960275,1,0,-1
0,5.506121474,0.888888889,289,0.877960275,1,0,-1
0,5.506121474,0.888888889,289,0.877960275,1,0,-1
8,1.590125614,0.6,16,0.456666667,1,8,-1
2,0.310667467,0.090909091,32,0.04,0.5,2,-1
2,0.310667467,0.0625,52,0.04,0.5,2,-1
2,0.310667467,0.090909091,32,0.04,0.5,2,-1
2,0.310667467,0.090909091,32,0.04,0.5,2,-1
2,0.310667467,0.0625,52,0.04,0.5,2,-1
2,0.310667467,0.05,68,0.04,0.5,2,-1
0,0.310667467,0.071428571,44,0.04,0.5,0,-1
2,0.310667467,0.071428571,44,0.04,0.5,2,-1
2,0.310667467,0.071428571,44,0.04,0.5,2,-1
2,0.310667467,0.071428571,44,0.04,0.5,2,-1
2,0.310667467,0.071428571,44,0.04,0.5,2,-1
2,0.310667467,0.071428571,44,0.04,0.5,2,-1
2,0.310667467,0.071428571,44,0.04,0.5,2,-1
2,0.310667467,0.071428571,44,0.04,0.5,2,-1
2,0.310667467,0.071428571,44,0.04,0.5,2,-1
2,0.310667467,0.090909091,32,0.04,0.5,2,-1
2,0.310667467,0.090909091,32,0.04,0.5,2,-1
0,0.310667467,0.090909091,32,0.04,0.5,0,-1
6,0.868778094,0.4,12,0.206666667,0.5,6,-1
6,0.868778094,0.4,12,0.206666667,0.5,6,-1
5,2.485339738,0.666666667,25,0.8,1,5,-1
5,2.485339738,0.666666667,25,0.8,1,5,-1
5,2.485339738,0.666666667,25,0.8,1,5,-1
5,2.485339738,0.666666667,25,0.8,1,5,-1
5,2.485339738,0.666666667,25,0.8,1,5,-1
6,3.640956907,0.8,81,0.888888889,1,6,-1
7,3.640956907,0.8,81,0.888888889,1,7,-1
6,3.640956907,0.8,81,0.888888889,1,6,-1
0,3.640956907,0.8,81,0.888888889,1,0,-1
0,3.640956907,0.8,81,0.888888889,1,0,-1
0,3.640956907,0.8,81,0.888888889,1,0,-1
6,3.640956907,0.8,81,0.888888889,1,6,-1
5,2.485339738,0.666666667,25,0.8,1,5,-1
0,2.485339738,0.666666667,25,0.8,1,0,-1
3,2.485339738,0.666666667,25,0.8,1,3,-1
8,2.000805667,0.115384615,100,0.666666667,1,8,-1
2,0.389871245,0.034482759,125,0.076923077,0.5,2,-1
0,0.389871245,0.034482759,125,0.076923077,0.5,0,-1
7,3.184234225,0.269230769,200,0.778846154,1,7,-1
2,0.389871245,0.034482759,125,0.076923077,0.5,2,-1
2,0.389871245,0.034482759,125,0.076923077,0.5,2,-1
7,3.275261327,0.225806452,325,0.826923077,1,7,-1
7,3.184234225,0.269230769,200,0.778846154,1,7,-1
2,0.389871245,0.034482759,125,0.076923077,0.5,2,-1
7,3.184234225,0.269230769,200,0.778846154,1,7,-1
7,3.275261327,0.225806452,325,0.826923077,1,7,-1
10,4.170323914,0.3125,425,0.909090909,1,10,-1
0,4.106247647,0.384615385,275,0.877005348,1,0,-1
10,4.106247647,0.384615385,275,0.877005348,1,10,-1
10,4.106247647,0.384615385,275,0.877005348,1,10,-1
10,4.106247647,0.384615385,275,0.877005348,1,10,-1
10,4.106247647,0.384615385,275,0.877005348,1,10,-1
10,4.106247647,0.384615385,275,0.877005348,1,10,-1
10,4.106247647,0.384615385,275,0.877005348,1,10,-1
10,4.106247647,0.384615385,275,0.877005348,1,10,-1
10,4.106247647,0.384615385,275,0.877005348,1,10,-1
7,3.184234225,0.269230769,200,0.778846154,1,7,-1
2,0.389871245,0.034482759,125,0.076923077,0.5,2,-1
0,0.389871245,0.034482759,125,0.076923077,0.5,0,-1
2,0.352956124,0.033333333,150,0.058823529,0.5,2,-1
7,3.184234225,0.269230769,200,0.778846154,1,7,-1
0,3.184234225,0.269230769,200,0.778846154,1,0,-1
6,1.468349853,0.076923077,75,0.5,1,6,-1
6,1.468349853,0.076923077,75,0.5,1,6,-1
2,0.352956124,0.033333333,150,0.058823529,0.5,2,-1
2,0.352956124,0.033333333,150,0.058823529,0.5,2,-1
2,0.352956124,0.033333333,150,0.058823529,0.5,2,-1
2,0.389871245,0.034482759,125,0.076923077,0.5,2,-1
2,0.389871245,0.034482759,125,0.076923077,0.5,2,-1
0,0.352956124,0.033333333,150,0.058823529,0.5,0,-1
2,0.352956124,0.033333333,150,0.058823529,0.5,2,-1
2,0.389871245,0.034482759,125,0.076923077,0.5,2,-1
0,0.36067376,0.066666667,64,0.0625,0.5,0,-1
8,3.246063842,0.777777778,64,0.8125,1,8,-1
2,0.36067376,0.083333333,40,0.0625,0.5,2,-1
0,0.36067376,0.090909091,32,0.0625,0.5,0,-1
8,3.366288429,0.411764706,128,0.875,1,8,-1
2,0.36067376,0.066666667,64,0.0625,0.5,2,-1
8,3.246063842,0.777777778,64,0.8125,1,8,-1
2,0.36067376,0.090909091,32,0.0625,0.5,2,-1
8,3.246063842,0.777777778,64,0.8125,1,8,-1
8,3.246063842,0.777777778,64,0.8125,1,8,-1
8,3.246063842,0.777777778,64,0.8125,1,8,-1
8,3.246063842,0.777777778,64,0.8125,1,8,-1
8,3.246063842,0.777777778,64,0.8125,1,8,-1
0,0.36067376,0.083333333,40,0.0625,0.5,0,-1
2,0.36067376,0.083333333,40,0.0625,0.5,2,-1
2,0.36067376,0.083333333,40,0.0625,0.5,2,-1
0,1.820478453,0.25,21,0.666666667,1,0,-1
3,2.164042561,0.375,28,0.75,1,3,-1
2,1.820478453,0.25,21,0.666666667,1,2,-1
2,1.820478453,0.25,21,0.666666667,1,2,-1
5,2.164042561,0.375,28,0.75,1,5,-1
5,2.164042561,0.375,28,0.75,1,5,-1
3,0.455119613,0.333333333,4,0.111111111,1,3,-1
2,1.442695041,0.1,18,0.5,1,2,-1
2,0.455119613,0.2,8,0.111111111,0.5,2,-1
2,0.455119613,0.5,2,0.111111111,0.5,2,-1
2,0.455119613,0.5,2,0.111111111,0.5,2,-1
2,0.455119613,0.5,2,0.111111111,0.5,2,-1
2,0.455119613,0.2,8,0.111111111,0.5,2,-1
2,0.455119613,0.2,8,0.111111111,0.5,2,-1
2,0.455119613,0.2,8,0.111111111,0.5,2,-1
2,1.442695041,0.1,18,0.5,1,2,-1
2,0.455119613,0.2,8,0.111111111,0.5,2,-1
2,0.455119613,0.5,2,0.111111111,0.5,2,-1
2,0.455119613,0.5,2,0.111111111,0.5,2,-1
2,0.455119613,0.5,2,0.111111111,0.5,2,-1
2,0.455119613,0.2,8,0.111111111,0.5,2,-1
2,0.455119613,0.2,8,0.111111111,0.5,2,-1
2,0.455119613,0.2,8,0.111111111,0.5,2,-1
5,2.485339738,0.4,45,0.8,1,5,-1
4,2.164042561,0.272727273,45,0.75,1,4,-1
2,0.621334935,0.111111111,9,0.2,0.5,2,-1
4,2.064029975,0.3,36,0.7,1,4,-1
4,2.064029975,0.3,36,0.7,1,4,-1
4,2.064029975,0.3,36,0.7,1,4,-1
5,2.485339738,0.4,45,0.8,1,5,-1
5,2.485339738,0.4,45,0.8,1,5,-1
5,2.485339738,0.4,45,0.8,1,5,-1
5,2.485339738,0.4,45,0.8,1,5,-1
11,3.275261327,0.777777778,64,0.826923077,1,11,-1
0,0.389871245,0.083333333,40,0.076923077,0.5,0,-1
0,0.389871245,0.083333333,40,0.076923077,0.5,0,-1
7,3.275261327,0.777777778,64,0.826923077,1,7,-1
7,3.275261327,0.777777778,64,0.826923077,1,7,-1
0,0.389871245,0.083333333,40,0.076923077,0.5,0,-1
0,3.366288429,0.5,104,0.875,1,0,-1
0,0.389871245,0.083333333,40,0.076923077,0.5,0,-1
0,0.389871245,0.083333333,40,0.076923077,0.5,0,-1
11,3.275261327,0.777777778,64,0.826923077,1,11,-1
11,3.275261327,0.777777778,64,0.826923077,1,11,-1
7,3.275261327,0.777777778,64,0.826923077,1,7,-1
11,3.275261327,0.777777778,64,0.826923077,1,11,-1
8,1.753362508,0.428571429,24,0.54,1,8,-1
2,0.310667467,0.090909091,32,0.04,0.5,2,-1
2,0.310667467,0.071428571,44,0.04,0.5,2,-1
2,0.310667467,0.0625,52,0.04,0.5,2,-1
2,0.310667467,0.090909091,32,0.04,0.5,2,-1
2,0.310667467,0.090909091,32,0.04,0.5,2,-1
8,1.590125614,0.6,16,0.456666667,1,8,-1
2,0.310667467,0.0625,52,0.04,0.5,2,-1
2,0.310667467,0.05,68,0.04,0.5,2,-1
0,0.310667467,0.071428571,44,0.04,0.5,0,-1
2,0.310667467,0.071428571,44,0.04,0.5,2,-1
2,0.310667467,0.071428571,44,0.04,0.5,2,-1
2,0.310667467,0.071428571,44,0.04,0.5,2,-1
2,0.310667467,0.071428571,44,0.04,0.5,2,-1
2,0.310667467,0.071428571,44,0.04,0.5,2,-1
2,0.310667467,0.071428571,44,0.04,0.5,2,-1
2,0.310667467,0.071428571,44,0.04,0.5,2,-1
2,0.310667467,0.071428571,44,0.04,0.5,2,-1
2,0.310667467,0.090909091,32,0.04,0.5,2,-1
2,0.310667467,0.090909091,32,0.04,0.5,2,-1
0,0.310667467,0.090909091,32,0.04,0.5,0,-1
6,0.868778094,0.4,12,0.206666667,0.5,6,-1
6,0.868778094,0.4,12,0.206666667,0.5,6,-1
4,2.164042561,0.3,36,0.75,1,4,-1
1,0,0,9,0,1,1,-1
2,0,0,9,0,1,2,-1
2,0,0,9,0,1,2,-1
4,2.164042561,0.3,36,0.75,1,4,-1
4,2.164042561,0.3,36,0.75,1,4,-1
4,2.164042561,0.3,36,0.75,1,4,-1
2,0.310667467,0.076923077,48,0.04,0.5,2,-1
2,0.310667467,0.0625,66,0.04,0.5,2,-1
2,0.310667467,0.055555556,78,0.04,0.5,2,-1
2,0.310667467,0.076923077,48,0.04,0.5,2,-1
2,0.310667467,0.076923077,48,0.04,0.5,2,-1
8,1.753362508,0.428571429,24,0.54,1,8,-1
2,0.310667467,0.055555556,78,0.04,0.5,2,-1
2,0.310667467,0.045454545,102,0.04,0.5,2,-1
0,0.310667467,0.0625,66,0.04,0.5,0,-1
2,0.310667467,0.0625,66,0.04,0.5,2,-1
2,0.310667467,0.0625,66,0.04,0.5,2,-1
2,0.310667467,0.0625,66,0.04,0.5,2,-1
2,0.310667467,0.0625,66,0.04,0.5,2,-1
2,0.310667467,0.0625,66,0.04,0.5,2,-1
2,0.310667467,0.0625,66,0.04,0.5,2,-1
2,0.310667467,0.0625,66,0.04,0.5,2,-1
2,0.310667467,0.0625,66,0.04,0.5,2,-1
2,0.310667467,0.076923077,48,0.04,0.5,2,-1
2,0.310667467,0.076923077,48,0.04,0.5,2,-1
0,0.310667467,0.076923077,48,0.04,0.5,0,-1
6,1.220906694,0.285714286,18,0.373333333,1,6,-1
6,1.220906694,0.285714286,18,0.373333333,1,6,-1
5,2.281037195,0.666666667,25,0.690909091,1,5,-1
2,0.417032391,0.1,30,0.090909091,0.5,2,-1
5,2.281037195,0.666666667,25,0.690909091,1,5,-1
5,2.281037195,0.666666667,25,0.690909091,1,5,-1
2,0.417032391,0.1,30,0.090909091,0.5,2,-1
0,0.417032391,0.1,30,0.090909091,0.5,0,-1
0,0.417032391,0.1,30,0.090909091,0.5,0,-1
2,0.417032391,0.1,30,0.090909091,0.5,2,-1
5,2.281037195,0.666666667,25,0.690909091,1,5,-1
0,0.389871245,0.090909091,32,0.076923077,0.5,0,-1
4,2.164042561,0.214285714,52,0.75,1,4,-1
2,0.389871245,0.1,28,0.076923077,0.5,2,-1
2,0.389871245,0.1,28,0.076923077,0.5,2,-1
0,0.389871245,0.2,8,0.076923077,0.5,0,-1
2,0.389871245,0.1,28,0.076923077,0.5,2,-1
0,0.389871245,0.1,28,0.076923077,0.5,0,-1
2,0,0,1,0,1,2,-1
8,3.906774386,0.777777778,64,1.166666667,1,8,-1
6,2.713340853,0.555555556,48,0.791666667,1,6,-1
3,1.039008974,0.166666667,48,0.291666667,1,3,-1
6,2.713340853,0.555555556,48,0.791666667,1,6,-1
3,1.116221253,0.2,32,0.333333333,0.5,3,-1
3,1.039008974,0.166666667,48,0.291666667,1,3,-1
6,2.713340853,0.555555556,48,0.791666667,1,6,-1
6,2.713340853,0.555555556,48,0.791666667,1,6,-1
6,2.713340853,0.555555556,48,0.791666667,1,6,-1
3,1.116221253,0.2,32,0.333333333,0.5,3,-1
0,1.116221253,0.2,32,0.333333333,0.5,0,-1
2,0.513898342,0.125,14,0.142857143,0.5,2,-1
4,0.513898342,0.333333333,4,0.142857143,1,4,-1
4,1.442695041,0.125,14,0.5,1,4,-1
2,0.513898342,0.1,18,0.142857143,0.5,2,-1
4,0.513898342,0.166666667,10,0.142857143,0.5,4,-1
2,0.513898342,0.125,14,0.142857143,0.5,2,-1
6,1.442695041,0.4,12,0.5,1,6,-1
6,1.442695041,0.4,12,0.5,1,6,-1
6,1.442695041,0.4,12,0.5,1,6,-1
3,1.820478453,0.5,9,0.666666667,1,3,-1
3,1.820478453,0.5,9,0.666666667,1,3,-1
0,0.389871245,0.083333333,40,0.076923077,0.5,0,-1
0,0.389871245,0.083333333,40,0.076923077,0.5,0,-1
7,3.275261327,0.777777778,64,0.826923077,1,7,-1
7,3.275261327,0.777777778,64,0.826923077,1,7,-1
0,0.389871245,0.083333333,40,0.076923077,0.5,0,-1
0,3.366288429,0.5,104,0.875,1,0,-1
0,0.389871245,0.083333333,40,0.076923077,0.5,0,-1
0,0.389871245,0.083333333,40,0.076923077,0.5,0,-1
11,3.275261327,0.777777778,64,0.826923077,1,11,-1
11,3.275261327,0.777777778,64,0.826923077,1,11,-1
7,3.275261327,0.777777778,64,0.826923077,1,7,-1
11,3.275261327,0.777777778,64,0.826923077,1,11,-1
0,0.303413076,0.071428571,50,0.037037037,0.5,0,-1
0,0.303413076,0.0625,70,0.037037037,0.5,0,-1
0,0.303413076,0.0625,70,0.037037037,0.5,0,-1
0,3.704148209,0.818181818,100,0.799537037,1,0,-1
0,0.303413076,0.071428571,50,0.037037037,0.5,0,-1
0,0.36067376,0.066666667,60,0.0625,0.5,0,-1
0,0.303413076,0.0625,70,0.037037037,0.5,0,-1
0,0.303413076,0.071428571,50,0.037037037,0.5,0,-1
0,0.303413076,0.071428571,50,0.037037037,0.5,0,-1
0,0.303413076,0.071428571,50,0.037037037,0.5,0,-1
0,0.303413076,0.0625,70,0.037037037,0.5,0,-1
0,3.704148209,0.818181818,100,0.799537037,1,0,-1
0,0.36067376,0.066666667,60,0.0625,0.5,0,-1
0,0.36067376,0.066666667,60,0.0625,0.5,0,-1
0,0.36067376,0.066666667,60,0.0625,0.5,0,-1
0,0.36067376,0.043478261,140,0.0625,0.5,0,-1
0,0.303413076,0.071428571,50,0.037037037,0.5,0,-1
0,0.303413076,0.0625,70,0.037037037,0.5,0,-1
0,3.704148209,0.818181818,100,0.799537037,1,0,-1
0,3.704148209,0.818181818,100,0.799537037,1,0,-1
0,3.704148209,0.818181818,100,0.799537037,1,0,-1
0,3.704148209,0.818181818,100,0.799537037,1,0,-1
0,3.366288429,0.777777778,64,0.875,1,0,-1
0,3.366288429,0.777777778,64,0.875,1,0,-1
0,3.366288429,0.777777778,64,0.875,1,0,-1
0,3.366288429,0.777777778,64,0.875,1,0,-1
0,3.366288429,0.777777778,64,0.875,1,0,-1
0,3.366288429,0.777777778,64,0.875,1,0,-1
0,3.366288429,0.777777778,64,0.875,1,0,-1
0,3.366288429,0.777777778,64,0.875,1,0,-1
5,3.083390054,0.75,49,0.857142857,1,5,-1
0,3.083390054,0.75,49,0.857142857,1,0,-1
5,3.083390054,0.75,49,0.857142857,1,5,-1
0,3.083390054,0.75,49,0.857142857,1,0,-1
6,3.083390054,0.75,49,0.857142857,1,6,-1
6,3.083390054,0.75,49,0.857142857,1,6,-1
6,3.083390054,0.75,49,0.857142857,1,6,-1
6,3.083390054,0.75,49,0.857142857,1,6,-1
0,3.083390054,0.75,49,0.857142857,1,0,-1
6,3.083390054,0.75,49,0.857142857,1,6,-1
6,3.083390054,0.75,49,0.857142857,1,6,-1
6,3.083390054,0.75,49,0.857142857,1,6,-1
0,2.790553133,0.384615385,72,0.833333333,1,0,-1
0,2.634872111,0.714285714,36,0.75,1,0,-1
0,0.402429604,0.090909091,36,0.083333333,0.5,0,-1
0,2.634872111,0.714285714,36,0.75,1,0,-1
0,0.402429604,0.090909091,36,0.083333333,0.5,0,-1
0,0.402429604,0.090909091,36,0.083333333,0.5,0,-1
0,0.402429604,0.090909091,36,0.083333333,0.5,0,-1
0,0.402429604,0.090909091,36,0.083333333,0.5,0,-1
0,2.634872111,0.714285714,36,0.75,1,0,-1
0,2.634872111,0.714285714,36,0.75,1,0,-1
0,0.402429604,0.090909091,36,0.083333333,0.5,0,-1
0,2.634872111,0.714285714,36,0.75,1,0,-1
6,2.713340853,0.555555556,48,0.791666667,1,6,-1
3,1.039008974,0.166666667,48,0.291666667,1,3,-1
9,2.713340853,0.555555556,48,0.791666667,1,9,-1
3,1.116221253,0.2,32,0.333333333,0.5,3,-1
3,1.039008974,0.166666667,48,0.291666667,1,3,-1
9,2.713340853,0.555555556,48,0.791666667,1,9,-1
9,2.713340853,0.555555556,48,0.791666667,1,9,-1
6,2.713340853,0.555555556,48,0.791666667,1,6,-1
3,1.116221253,0.2,32,0.333333333,0.5,3,-1
0,1.116221253,0.2,32,0.333333333,0.5,0,-1
2,0.434294482,0.043478261,119,0.1,0.5,2,-1
2,0.434294482,0.058823529,77,0.1,0.5,2,-1
6,2.859157224,0.375,105,0.738095238,1,6,-1
10,2.794132116,0.545454545,70,0.704761905,1,10,-1
10,2.859157224,0.375,105,0.738095238,1,10,-1
0,0.738538746,0.125,77,0.133333333,0.5,0,-1
0,0.738538746,0.105263158,98,0.133333333,0.5,0,-1
0,0.738538746,0.105263158,98,0.133333333,0.5,0,-1
5,0.738538746,0.142857143,63,0.133333333,0.5,5,-1
0,0.738538746,0.105263158,98,0.133333333,0.5,0,-1
6,2.714528255,0.75,49,0.661904762,1,6,-1
0,2.714528255,0.75,49,0.661904762,1,0,-1
0,0.738538746,0.117647059,84,0.133333333,0.5,0,-1
0,0.738538746,0.105263158,98,0.133333333,0.5,0,-1
10,2.714528255,0.75,49,0.661904762,1,10,-1
10,2.714528255,0.75,49,0.661904762,1,10,-1
0,0.738538746,0.125,77,0.133333333,0.5,0,-1
1,2.204466563,0.666666667,25,0.65,1,1,-1
0,2.344903151,0.444444444,40,0.725,1,0,-1
0,2.204466563,0.666666667,25,0.65,1,0,-1
0,2.204466563,0.666666667,25,0.65,1,0,-1
0,2.344903151,0.444444444,40,0.725,1,0,-1
0,0.961796694,0.285714286,20,0.25,0.5,0,-1
1,0.961796694,0.285714286,20,0.25,0.5,1,-1
0,0.961796694,0.285714286,20,0.25,0.5,0,-1
0,2.344903151,0.444444444,40,0.725,1,0,-1
0,2.204466563,0.666666667,25,0.65,1,0,-1
0,2.204466563,0.666666667,25,0.65,1,0,-1
0,2.344903151,0.444444444,40,0.725,1,0,-1
0,0.961796694,0.285714286,20,0.25,0.5,0,-1
1,0.961796694,0.285714286,20,0.25,0.5,1,-1
0,0.961796694,0.285714286,20,0.25,0.5,0,-1
0,3.366288429,0.777777778,64,0.875,1,0,-1
3,3.366288429,0.777777778,64,0.875,1,3,-1
0,3.366288429,0.777777778,64,0.875,1,0,-1
3,3.366288429,0.777777778,64,0.875,1,3,-1
3,3.366288429,0.777777778,64,0.875,1,3,-1
0,3.366288429,0.777777778,64,0.875,1,0,-1
0,3.366288429,0.777777778,64,0.875,1,0,-1
2,1.242669869,0.2,27,0.4,1,2,-1
0,1.076454548,0.333333333,15,0.311111111,1,0,-1
2,0.455119613,0.166666667,12,0.111111111,0.5,2,-1
0,0.455119613,0.166666667,12,0.111111111,0.5,0,-1
0,0.455119613,0.166666667,12,0.111111111,0.5,0,-1
0,0.455119613,0.166666667,12,0.111111111,0.5,0,-1
3,1.697789482,0.75,12,0.511111111,0.5,3,-1
3,1.697789482,0.75,12,0.511111111,0.5,3,-1
6,2.344903151,0.444444444,40,0.725,1,6,-1
4,1.923593388,0.333333333,32,0.625,1,4,-1
0,1.923593388,0.333333333,32,0.625,1,0,-1
0,1.923593388,0.333333333,32,0.625,1,0,-1
0,5.078417689,0.545454545,285,1.135761461,1,0,-1
8,3.174250051,0.5,135,0.646726373,1,8,-1
2,0.345976256,0.05,90,0.055555556,0.5,2,-1
2,0.345976256,0.055555556,60,0.055555556,0.5,2,-1
2,0.345976256,0.05,90,0.055555556,0.5,2,-1
0,0.345976256,0.05,90,0.055555556,0.5,0,-1
2,0.345976256,0.05,90,0.055555556,0.5,2,-1
10,4.240133957,0.625,165,0.952642679,1,10,-1
0,0.345976256,0.05,90,0.055555556,0.5,0,-1
6,2.910728304,0.269230769,270,0.637887989,1,6,-1
0,0.345976256,0.055555556,60,0.055555556,0.5,0,-1
6,2.775806213,0.4375,120,0.568443545,1,6,-1
13,6.076568273,0.875,225,1.407440659,1,13,-1
0,0.345976256,0.055555556,60,0.055555556,0.5,0,-1
2,0.345976256,0.055555556,60,0.055555556,0.5,2,-1
0,0.339623272,0.05,90,0.052631579,0.5,0,-1
0,0.339623272,0.05,90,0.052631579,0.5,0,-1
0,0.339623272,0.05,90,0.052631579,0.5,0,-1
0,0.339623272,0.05,90,0.052631579,0.5,0,-1
0,0.339623272,0.05,90,0.052631579,0.5,0,-1
0,0.339623272,0.05,90,0.052631579,0.5,0,-1
8,3.174250051,0.5,135,0.646726373,1,8,-1
6,2.775806213,0.4375,120,0.568443545,1,6,-1
2,0.345976256,0.05,90,0.055555556,0.5,2,-1
13,6.076568273,0.875,225,1.407440659,1,13,-1
11,5.028169716,0.75,195,1.111469963,1,11,-1
10,4.240133957,0.625,165,0.952642679,1,10,-1
0,2.775806213,0.4375,120,0.568443545,1,0,-1
10,4.240133957,0.625,165,0.952642679,1,10,-1
7,2.503534263,0.375,105,0.548917749,1,7,-1
7,2.503534263,0.375,105,0.548917749,1,7,-1
0,2.974269202,0.4,45,1.033333333,1,0,-1
1,2.164042561,0.3,36,0.75,1,1,-1
0,2.164042561,0.3,36,0.75,1,0,-1
0,2.164042561,0.3,36,0.75,1,0,-1
0,2.164042561,0.3,36,0.75,1,0,-1
5,1.96401739,0.3,36,0.65,1,5,-1
3,1.96401739,0.3,36,0.65,1,3,-1
0,0.72134752,0.25,6,0.25,1,0,-1
0,0.72134752,0.333333333,3,0.25,0.5,0,-1
2,0.72134752,0.25,6,0.25,1,2,-1
0,5.371504896,0.375,744,0.928570916,1,0,-1
0,3.779687467,0.28125,408,0.856648308,1,0,-1
0,0.310667467,0.026315789,360,0.04,0.5,0,-1
0,4.597024066,0.52,336,0.78057688,1,0,-1
0,0.269282508,0.032258065,192,0.024390244,0.5,0,-1
0,0.913445308,0.1,216,0.115471838,0.5,0,-1
0,3.091256059,0.28,192,0.733823529,1,0,-1
0,0.269282508,0.032258065,192,0.024390244,0.5,0,-1
0,0.603090709,0.052631579,384,0.074390244,0.5,0,-1
0,0.913445308,0.1,216,0.115471838,0.5,0,-1
0,0.603090709,0.068965517,168,0.074390244,0.5,0,-1
0,0.603090709,0.052631579,384,0.074390244,0.5,0,-1
0,4.597024066,0.52,336,0.78057688,1,0,-1
0,0.603090709,0.068965517,168,0.074390244,0.5,0,-1
0,4.642139047,0.419354839,480,0.802005451,1,0,-1
0,3.091256059,0.28,192,0.733823529,1,0,-1
0,0.291206676,0.027777778,312,0.032258065,0.5,0,-1
0,0.333808201,0.04,48,0.05,0.5,0,-1
0,4.597024066,0.52,336,0.78057688,1,0,-1
0,0.913445308,0.1,216,0.115471838,0.5,0,-1
0,0.310667467,0.028571429,288,0.04,0.5,0,-1
0,0.601874143,0.060606061,264,0.072258065,0.5,0,-1
0,4.66527978,0.361111111,600,0.812005451,1,0,-1
0,0.291206676,0.034482759,144,0.032258065,0.5,0,-1
0,6.502315904,0.326530612,984,1.386438737,1,0,-1
0,3.091256059,0.28,192,0.733823529,1,0,-1
0,0.269282508,0.037037037,96,0.024390244,0.5,0,-1
0,1.247253509,0.111111111,384,0.165471838,0.5,0,-1
0,1.247253509,0.125,288,0.165471838,0.5,0,-1
0,4.597024066,0.52,336,0.78057688,1,0,-1
0,0.310667467,0.029411765,264,0.04,0.5,0,-1
0,0.310667467,0.033333333,168,0.04,0.5,0,-1
0,0.310667467,0.033333333,168,0.04,0.5,0,-1
0,0.310667467,0.033333333,168,0.04,0.5,0,-1
0,0.310667467,0.033333333,168,0.04,0.5,0,-1
0,0.310667467,0.033333333,168,0.04,0.5,0,-1
0,0.333808201,0.038461538,72,0.05,0.5,0,-1
0,0.269282508,0.035714286,120,0.024390244,0.5,0,-1
0,0.625014877,0.068965517,168,0.082258065,0.5,0,-1
0,1.247253509,0.125,288,0.165471838,0.5,0,-1
0,0.625014877,0.068965517,168,0.082258065,0.5,0,-1
0,0.603090709,0.068965517,168,0.074390244,0.5,0,-1
0,0.269282508,0.032258065,192,0.024390244,0.5,0,-1
0,0.603090709,0.068965517,168,0.074390244,0.5,0,-1
0,0.291206676,0.034482759,144,0.032258065,0.5,0,-1
0,0.603090709,0.068965517,168,0.074390244,0.5,0,-1
0,0.269282508,0.032258065,192,0.024390244,0.5,0,-1
0,0.269282508,0.032258065,192,0.024390244,0.5,0,-1
0,0.269282508,0.032258065,192,0.024390244,0.5,0,-1
0,1.351303789,0.12,96,0.336890244,1,0,-1
0,4.597024066,0.52,336,0.78057688,1,0,-1
0,0.291206676,0.028571429,288,0.032258065,0.5,0,-1
0,4.597024066,0.52,336,0.78057688,1,0,-1
0,4.597024066,0.52,336,0.78057688,1,0,-1
0,0.333808201,0.04,48,0.05,0.5,0,-1
0,1.351303789,0.12,96,0.336890244,1,0,-1
0,4.597024066,0.52,336,0.78057688,1,0,-1
0,0.310667467,0.035714286,120,0.04,0.5,0,-1
0,0.310667467,0.035714286,120,0.04,0.5,0,-1
0,3.091256059,0.28,192,0.733823529,1,0,-1
0,3.091256059,0.28,192,0.733823529,1,0,-1
0,3.091256059,0.28,192,0.733823529,1,0,-1
11,3.083390054,0.75,49,0.857142857,1,11,-1
11,3.083390054,0.75,49,0.857142857,1,11,-1
11,3.083390054,0.75,49,0.857142857,1,11,-1
11,3.083390054,0.75,49,0.857142857,1,11,-1
6,3.083390054,0.75,49,0.857142857,1,6,-1
11,3.083390054,0.75,49,0.857142857,1,11,-1
0,3.083390054,0.75,49,0.857142857,1,0,-1
0,3.366288429,0.777777778,64,0.875,1,0,-1
5,3.366288429,0.777777778,64,0.875,1,5,-1
5,3.366288429,0.777777778,64,0.875,1,5,-1
0,3.366288429,0.777777778,64,0.875,1,0,-1
5,3.366288429,0.777777778,64,0.875,1,5,-1
5,3.366288429,0.777777778,64,0.875,1,5,-1
5,3.366288429,0.777777778,64,0.875,1,5,-1
0,3.366288429,0.777777778,64,0.875,1,0,-1
4,2.164042561,0.6,16,0.75,1,4,-1
7,2.164042561,0.6,16,0.75,1,7,-1
7,2.164042561,0.6,16,0.75,1,7,-1
0,0.897930738,0.285714286,20,0.215909091,0.5,0,-1
2,0.417032391,0.142857143,15,0.090909091,0.5,2,-1
2,0.417032391,0.142857143,15,0.090909091,0.5,2,-1
2,0.417032391,0.142857143,15,0.090909091,0.5,2,-1
3,0.897930738,0.285714286,20,0.215909091,0.5,3,-1
5,2.140600608,0.666666667,25,0.615909091,1,5,-1
5,2.140600608,0.666666667,25,0.615909091,1,5,-1
6,2.140600608,0.666666667,25,0.615909091,1,6,-1
0,0.897930738,0.285714286,20,0.215909091,0.5,0,-1
4,2.164042561,0.6,16,0.75,1,4,-1
7,2.164042561,0.6,16,0.75,1,7,-1
9,3.436629928,0.8,81,0.784313725,1,9,-1
0,0.705912248,0.166666667,45,0.117647059,0.5,0,-1
3,0.705912248,0.166666667,45,0.117647059,0.5,3,-1
3,0.705912248,0.166666667,45,0.117647059,0.5,3,-1
3,0.705912248,0.166666667,45,0.117647059,0.5,3,-1
9,3.538793417,0.444444444,153,0.836601307,1,9,-1
3,0.705912248,0.166666667,45,0.117647059,0.5,3,-1
9,3.538793417,0.444444444,153,0.836601307,1,9,-1
3,0.705912248,0.166666667,45,0.117647059,0.5,3,-1
9,3.436629928,0.8,81,0.784313725,1,9,-1
3,0.705912248,0.166666667,45,0.117647059,0.5,3,-1
13,3.436629928,0.8,81,0.784313725,1,13,-1
13,3.436629928,0.8,81,0.784313725,1,13,-1
9,3.436629928,0.8,81,0.784313725,1,9,-1
13,3.436629928,0.8,81,0.784313725,1,13,-1
13,3.436629928,0.8,81,0.784313725,1,13,-1
3,0.705912248,0.166666667,45,0.117647059,0.5,3,-1
1,0,0,1,0,1,1,-1
0,0.910239227,0.333333333,4,0.333333333,1,0,-1
1,0,0,1,0,1,1,-1
2,0.300101629,0.024390244,425,0.035714286,0.5,2,-1
2,0.300101629,0.028571429,323,0.035714286,0.5,2,-1
16,5.506121474,0.888888889,289,0.877960275,1,16,-1
2,0.300101629,0.014705882,884,0.035714286,0.5,2,-1
16,5.535562145,0.695652174,374,0.891329259,1,16,-1
0,0.300101629,0.025641026,391,0.035714286,0.5,0,-1
2,0.300101629,0.037037037,187,0.035714286,0.5,2,-1
16,5.506121474,0.888888889,289,0.877960275,1,16,-1
16,5.535562145,0.695652174,374,0.891329259,1,16,-1
4,0.970546359,0.142857143,119,0.136363636,0.5,4,-1
4,0.970546359,0.142857143,119,0.136363636,0.5,4,-1
4,0.970546359,0.142857143,119,0.136363636,0.5,4,-1
4,0.970546359,0.142857143,119,0.136363636,0.5,4,-1
4,0.970546359,0.142857143,119,0.136363636,0.5,4,-1
2,0.300101629,0.037037037,187,0.035714286,0.5,2,-1
2,0.300101629,0.037037037,187,0.035714286,0.5,2,-1
2,0.300101629,0.037037037,187,0.035714286,0.5,2,-1
16,5.55897597,0.551724138,476,0.901069519,1,16,-1
2,0.300101629,0.037037037,187,0.035714286,0.5,2,-1
2,0.300101629,0.037037037,187,0.035714286,0.5,2,-1
2,0.300101629,0.037037037,187,0.035714286,0.5,2,-1
16,5.506121474,0.888888889,289,0.877960275,1,16,-1
16,5.506121474,0.888888889,289,0.877960275,1,16,-1
16,5.506121474,0.888888889,289,0.877960275,1,16,-1
16,5.506121474,0.888888889,289,0.877960275,1,16,-1
16,5.506121474,0.888888889,289,0.877960275,1,16,-1
16,5.506121474,0.888888889,289,0.877960275,1,16,-1
16,5.506121474,0.888888889,289,0.877960275,1,16,-1
16,5.506121474,0.888888889,289,0.877960275,1,16,-1
16,5.506121474,0.888888889,289,0.877960275,1,16,-1
16,5.506121474,0.888888889,289,0.877960275,1,16,-1
2,1.442695041,0.111111111,16,0.5,1,2,-1
0,2.61034984,0.555555556,48,0.736111111,1,0,-1
4,2.61034984,0.555555556,48,0.736111111,1,4,-1
4,2.713340853,0.416666667,72,0.791666667,1,4,-1
3,0.93601796,0.222222222,24,0.236111111,0.5,3,-1
2,1.442695041,0.111111111,16,0.5,1,2,-1
3,0.93601796,0.222222222,24,0.236111111,0.5,3,-1
4,2.68756212,0.454545455,64,0.777777778,1,4,-1
4,2.61034984,0.555555556,48,0.736111111,1,4,-1
0,2.61034984,0.555555556,48,0.736111111,1,0,-1
2,0.455119613,0.125,8,0.111111111,0.5,2,-1
0,3.809314258,0.263157895,527,0.741056911,1,0,-1
2,0.310667467,0.022222222,465,0.04,0.5,2,-1
5,4.62047537,0.40625,434,0.789985482,1,5,-1
0,0.72134752,0.058823529,155,0.125,0.5,0,-1
0,0.269282508,0.026315789,248,0.024390244,0.5,0,-1
0,3.058684588,0.25,279,0.597102662,1,0,-1
0,1.001422305,0.083333333,248,0.150490196,0.5,0,-1
0,0.269282508,0.026315789,248,0.024390244,0.5,0,-1
0,0.603090709,0.044444444,496,0.074390244,0.5,0,-1
0,3.058684588,0.25,279,0.597102662,1,0,-1
0,0.603090709,0.055555556,217,0.074390244,0.5,0,-1
0,0.603090709,0.044444444,496,0.074390244,0.5,0,-1
0,4.62047537,0.40625,434,0.789985482,1,0,-1
0,0.603090709,0.055555556,217,0.074390244,0.5,0,-1
0,4.665590351,0.342105263,620,0.811414053,1,0,-1
0,1.001422305,0.083333333,248,0.150490196,0.5,0,-1
4,0.389871245,0.021276596,527,0.076923077,0.5,4,-1
6,2.493793875,0.128205128,403,0.674242424,1,6,-1
0,0.333808201,0.03125,62,0.05,0.5,0,-1
0,4.62047537,0.40625,434,0.789985482,1,0,-1
0,3.058684588,0.25,279,0.597102662,1,0,-1
3,0.727699859,0.048780488,372,0.130909091,0.5,3,-1
6,2.777300197,0.166666667,341,0.70025641,1,6,-1
6,5.105763476,0.333333333,775,0.912323144,1,6,-1
0,2.325554494,0.15625,186,0.584498834,1,0,-1
0,7.974637737,0.411764706,1271,1.520847339,1,0,-1
0,1.001422305,0.083333333,248,0.150490196,0.5,0,-1
0,0.269282508,0.029411765,124,0.024390244,0.5,0,-1
0,4.514735326,0.305555556,496,0.981428059,1,0,-1
0,4.472979482,0.34375,372,0.960594726,1,0,-1
5,4.62047537,0.40625,434,0.789985482,1,5,-1
0,0.72134752,0.058823529,155,0.125,0.5,0,-1
0,0.389871245,0.021276596,527,0.076923077,0.5,0,-1
0,0.402429604,0.023255814,403,0.083333333,0.5,0,-1
3,0.727699859,0.05,341,0.130909091,0.5,3,-1
2,0.310667467,0.027027027,217,0.04,0.5,2,-1
2,0.310667467,0.027027027,217,0.04,0.5,2,-1
2,0.310667467,0.027027027,217,0.04,0.5,2,-1
0,0.310667467,0.027027027,217,0.04,0.5,0,-1
2,0.310667467,0.027027027,217,0.04,0.5,2,-1
0,0.72134752,0.058823529,155,0.125,0.5,0,-1
0,0.72134752,0.058823529,155,0.125,0.5,0,-1
0,0.333808201,0.03030303,93,0.05,0.5,0,-1
0,0.269282508,0.028571429,155,0.024390244,0.5,0,-1
0,2.373913272,0.1875,217,0.48452381,1,0,-1
0,4.472979482,0.34375,372,0.960594726,1,0,-1
2,2.373913272,0.1875,217,0.48452381,1,2,-1
0,0.603090709,0.055555556,217,0.074390244,0.5,0,-1
0,0.269282508,0.026315789,248,0.024390244,0.5,0,-1
0,0.603090709,0.055555556,217,0.074390244,0.5,0,-1
4,0.389871245,0.027027027,217,0.076923077,0.5,4,-1
4,0.389871245,0.027027027,217,0.076923077,0.5,4,-1
5,2.325554494,0.15625,186,0.584498834,1,5,-1
0,0.603090709,0.055555556,217,0.074390244,0.5,0,-1
0,0.269282508,0.026315789,248,0.024390244,0.5,0,-1
4,0.389871245,0.027027027,217,0.076923077,0.5,4,-1
4,0.389871245,0.027027027,217,0.076923077,0.5,4,-1
0,0.269282508,0.026315789,248,0.024390244,0.5,0,-1
0,0.269282508,0.026315789,248,0.024390244,0.5,0,-1
4,0.389871245,0.027027027,217,0.076923077,0.5,4,-1
0,0.944614249,0.09375,124,0.128556911,0.5,0,-1
0,4.62047537,0.40625,434,0.789985482,1,0,-1
5,2.481235516,0.131578947,372,0.667832168,1,5,-1
0,4.62047537,0.40625,434,0.789985482,1,0,-1
5,4.62047537,0.40625,434,0.789985482,1,5,-1
0,0.333808201,0.03125,62,0.05,0.5,0,-1
0,0.944614249,0.09375,124,0.128556911,0.5,0,-1
5,4.62047537,0.40625,434,0.789985482,1,5,-1
0,0.727699859,0.058823529,155,0.130909091,0.5,0,-1
0,0.402429604,0.027777778,186,0.083333333,0.5,0,-1
0,0.402429604,0.027777778,186,0.083333333,0.5,0,-1
0,0.402429604,0.027777778,186,0.083333333,0.5,0,-1
0,0.402429604,0.027777778,186,0.083333333,0.5,0,-1
3,0.727699859,0.058823529,155,0.130909091,0.5,3,-1
0,1.001422305,0.083333333,248,0.150490196,0.5,0,-1
0,0.402429604,0.027777778,186,0.083333333,0.5,0,-1
0,1.001422305,0.083333333,248,0.150490196,0.5,0,-1
0,1.001422305,0.083333333,248,0.150490196,0.5,0,-1
0,0.875147165,0.107142857,238,0.098314975,0.5,0,-1
